id,full_name,comments_ratio,commit_frequency,core_contributors,has_ci,has_license,iac_ratio,issue_frequency,release_count,repository_size
115332911,030/ansible-firefox,0.0097,4.5,2,True,True,0.6667,0.09,28,204
220052293,0x0I/ansible-role-systemd,0.0165,8.42,2,True,False,0.5833,0,2,654
95256054,2kloc/trellis-monit,0.1495,0.19,1,False,True,0.6364,0,3,182
183639968,45Drives/ceph-ansible-45d,0.1628,3.58,1,True,True,0.5239,0,10,21183
67899878,aabouzaid/netbox-as-ansible-inventory,0.3329,6.41,1,True,False,0.125,0.44,7,543
67760353,aalaesar/install_nextcloud,0.0849,6.37,4,True,True,0.8448,0.5,10,1919
172489153,Aaron-K-T-Berry/generator-ansible-molecule,0.0427,22.85,3,False,False,0.4468,0,8,1884
170849541,abims-sbr/ansible-singularity,0.1277,2.59,3,True,True,0.6,0,4,287
24246220,adammck/terraform-inventory,0.1216,2.13,2,True,True,0.08,1.01,13,961
143028453,admpresales/nimbusserver-ansible,0.034,10.2,3,False,False,0.0417,0.13,2,965
168430474,adobe/ops-cli,0.2909,8.12,4,True,True,0.27,0,48,6359
40627726,adriagalin/ansible.motd,0.0312,0.64,1,True,True,0.4615,0,4,186
147365729,aeimer/ansible-install-bat,0.1011,0,1,True,True,0.8,0,2,169
35598732,AerisCloud/ansible-disk,0.0181,0.75,7,False,True,0.5,0,13,326
25811974,agoravoting/agora-dev-box,0.408,8.44,4,False,True,0.4415,0.26,14,7676
55140413,ahelal/ansible-concourse,0.0414,4.81,2,True,True,0.4691,0,61,2314
50736990,ahuffman/ansible-sudoers,0.0189,1.36,6,False,True,0.5714,0.02,11,570
143216138,ahuffman/sat6-create-hosts,0.0985,3.67,1,False,True,0.8182,0.16,9,705
47362790,akondas/ansible-role-php7,0,1.72,2,False,True,0.7778,0.21,10,229
28919210,AlbanAndrieu/ansible-awstats,0.1322,0.24,2,True,True,0.65,0,2,210
26262770,AlbanAndrieu/ansible-common,0.1385,1.16,2,True,True,0.619,0,4,479
23537478,AlbanAndrieu/ansible-css,0.1179,0.59,3,True,True,0.65,0,3,217
28918496,AlbanAndrieu/ansible-evasive,0.1571,0.29,2,True,True,0.6667,0,2,220
24242603,AlbanAndrieu/ansible-jenkins-slave,0.2361,5.09,3,True,True,0.7699,0.03,10,5745
27260401,AlbanAndrieu/ansible-jenkins-slave-docker,0.2367,3.18,2,True,False,0.3889,0.31,10,5404
26370170,AlbanAndrieu/ansible-nabla,0.2434,4.89,3,True,True,0.5946,0.14,3,9108
25584222,AlbanAndrieu/ansible-pagespeed,0.0942,0.32,3,True,True,0.6111,0,2,173
30532869,AlbanAndrieu/ansible-private-bower,0.1843,1.44,1,True,True,0.68,0,3,354
26874583,AlbanAndrieu/ansible-synergy,0.2918,0.31,2,True,True,0.6667,0,2,233
22247959,AlbanAndrieu/ansible-webmin,0.2113,0.81,2,True,True,0.625,0,2,362
24471365,AlbanAndrieu/ansible-windows,0.2034,0.91,3,True,True,0.5823,0,3,2784
26263040,AlbanAndrieu/ansible-workstation,0.2652,2.47,3,True,True,0.8986,0,4,2723
238683720,alemonmk/ansible_boulder_deployment,0.009,5.4,1,False,False,0.5938,0,4,1206
105204819,AlexeySetevoi/ansible-clickhouse,0.047,4.47,4,True,False,0.9091,0.21,21,811
75266817,alibaba/ansible-provider,0.2069,7.45,3,True,True,0.462,0.28,2,17351
143836238,Altoros/Ansible-Fabric-Starter,0.2181,3.58,2,False,True,0.65,0.04,2,2657
85678822,alvistack/ansible-collection-kubernetes,0.2534,38.04,1,True,True,0.8158,0,91,4071
104079888,alvistack/ansible-role-bamboo,0.3371,14.43,1,True,True,0.8723,0,91,2377
103801712,alvistack/ansible-role-bitbucket,0.3308,17.3,1,True,True,0.8776,0,118,2446
169715570,alvistack/ansible-role-bootstrap,0.3263,18.6,1,True,True,0.8696,0,12,2224
210295333,alvistack/ansible-role-clamav,0.3799,16.46,1,True,True,0.8681,0,4,1740
103723257,alvistack/ansible-role-confluence,0.3368,17.03,1,True,True,0.8723,0,115,2381
103945719,alvistack/ansible-role-crowd,0.3337,15.08,1,True,True,0.8737,0,97,2414
88385920,alvistack/ansible-role-docker,0.3245,14.21,1,True,True,0.8889,0,110,2311
102960590,alvistack/ansible-role-jira,0.3371,17.26,1,True,True,0.8723,0,121,2377
156880835,alvistack/ansible-role-kernel,0.3559,17.78,1,True,True,0.8681,0,16,1949
182506894,alvistack/ansible-role-kube_master,0.2283,30.83,1,True,True,0.8696,0,10,5166
187430045,alvistack/ansible-role-kubernetes_metallb,0.2204,18.41,1,True,True,0.8696,0,9,3965
102416687,alvistack/ansible-role-python,0.3609,18,1,True,True,0.8681,0,113,1907
110791591,alvistack/ansible-role-sshd,0.3671,12.97,1,True,True,0.8696,0,65,1895
189687998,alvistack/ansible-role-virtualbox,0.369,16.41,1,True,True,0.8681,0,9,1842
123297890,alvistack/docker-bamboo,0.2797,16.73,1,True,True,0.4615,0,101,649
123285887,alvistack/docker-crowd,0.295,15.38,1,True,True,0.5,0,97,607
123320784,alvistack/docker-fisheye,0.2913,14.47,1,True,True,0.4324,0,85,613
124732371,alvistack/docker-mariadb,0.2726,11.72,1,True,True,0.5294,0,63,811
125001850,alvistack/docker-php,0.3795,14.53,1,True,True,0.5606,0,81,752
84868829,alxsey/ansible-openwrt-init,0.066,0.53,2,False,True,0.625,0,2,184
65032334,amaabca/ansible-common,0.0118,0.82,4,False,False,0.6364,0,17,167
147178352,amimof/kubernetes-the-right-way,0.0207,2.21,2,True,True,0.7708,0.04,7,1280
221176738,amirbagh75/ansible-masshadlug,0.818,0,2,False,False,0.4615,0,2,85
165743503,AndresBott/ansible-autodoc,0.2003,10,1,False,True,0.5882,0.09,2,1393
84389102,andrewsomething/ansible-role-do-agent,0.0368,0.56,2,True,True,0.6,0,3,157
155864157,anmoel/ansible-role-kubernetes,0.0216,6.33,3,False,True,0.6944,0.41,3,904
205429879,ansible-collections/ansible_collections_google,0.1248,51.5,2,False,True,0.5797,3.07,7,2587
241710232,ansible-collections/ansible.windows,0.056,7,2,True,False,0.3465,29.78,2,38629
238050398,ansible-collections/community.general,0.148,72.75,1,True,False,0.2938,719.44,2,286463
222522410,ansible-collections/grafana,0.0593,14.82,2,False,True,0.5323,1.5,3,3238
228648339,ansible-collections/ibm_zos_core,0.185,38.44,3,False,False,0.0687,5.27,5,22083
205017480,ansible-collections/netapp,0.1627,66.79,1,False,False,0.2459,2.29,4,51589
144737452,ansible-community/ansible-bender,0.2112,19.12,2,False,True,0.157,3.26,16,17759
46383942,ansible-community/molecule,0.3651,37.21,6,False,True,0.232,3.02,156,8894
201639246,ansible-community/molecule-azure,0.1882,2.79,2,False,True,0.2571,0.8,5,578
217837826,ansible-community/molecule-vagrant,0.2248,6.8,3,False,True,0.4348,4.33,4,976
192503917,ansible-community/pytest-molecule,0.1276,6.47,3,False,True,0.4516,0.47,20,581
202563898,ansible-security/ansible_collections.ibm.qradar,0.0797,4.46,2,False,True,0.1633,0,4,2622
202564009,ansible-security/ansible_collections.splunk.enterprise_security,0.4324,2.78,2,False,True,0.25,0,2,21
23267883,ansible-semaphore/semaphore,0.0163,9.07,6,False,True,0.0574,5,17,23439
112915877,ansible-ThoTeam/nexus3-oss,0.0897,11.08,2,True,True,0.4778,1.92,41,5336
141600642,ansible/acme-test-container,0.1882,0.73,1,False,True,0.0714,0.15,13,591
172597158,ansible/ansible-lint-action,0.2233,5.41,3,False,True,0.1667,1.43,2,160
155887931,ansible/ansible-runner-service,0.1973,20.41,3,True,True,0.0408,0.33,3,4512
146703104,ansible/default-test-container,0.0361,1.85,2,False,True,0.0263,0,22,748
145027949,ansible/distro-test-containers,0.0222,2.37,3,False,True,0.0556,0,17,923
24333272,ansible/galaxy,0.1151,39.01,4,True,True,0.017,19.81,42,43545
22257261,ansible/pytest-ansible,0.1504,4.12,2,False,True,0,0.32,9,1689
129778276,ansible/vcenter-test-container,0.2215,0.55,1,False,True,0.125,0,9,239
121804330,ansible/workshops,0.0329,82.24,5,False,True,0.3081,6.06,4,32782
61649857,ansiblebit/grafana,0.2683,4.72,2,True,True,0.5312,0.02,3,668
27648150,ansiblebit/primogen,0.6259,4.21,2,True,True,0.4615,0,40,520
131208636,ansibleplaybookbundle/rhpam-apb,0.303,10.22,3,True,True,0.2,0,6,23
22950800,ansistrano/deploy,0.048,7.46,8,True,True,0.7273,0.08,41,1369
23472451,ansistrano/rollback,0.0659,1.12,3,True,True,0.7333,0.05,12,156
65465246,anthcourtney/ansible-role-cis-amazon-linux,0.086,5.67,4,True,True,0.8933,1.34,10,5731
48749148,antoiner77/caddy-ansible,0.0361,4.3,5,True,True,0.5909,0.03,8,454
101313484,ANTS-Framework/ants,0.1706,8.51,3,False,True,0.069,0.28,20,1065
17770821,ANXS/generic-users,0.0588,0.66,6,True,True,0.4667,0,6,208
17697437,ANXS/ntp,0.0286,0.4,4,True,True,0.5714,0,7,170
17628006,ANXS/postgresql,0.2032,6.51,14,True,True,0.6709,5,29,1345
189933973,apenella/go-ansible,0.1065,6.33,3,False,True,0.15,1.71,4,1267
229772719,arillso/ansible.exoscale,0.0386,3.33,2,True,False,0.8125,0,2,374
131904790,arillso/ansible.fqdn,0.0518,0.7,1,True,True,0.8333,0,3,238
105946365,arillso/ansible.logrotate,0.0707,2.42,2,True,True,0.8,0.41,13,289
201929230,arillso/ansible.restic,0.0237,7.71,3,True,False,0.7778,1.29,7,535
106469429,arillso/ansible.users,0.1216,1.5,1,True,True,0.8235,0,10,354
207655290,aristanetworks/ansible-avd,0.1051,81.14,3,False,True,0.75,38,4,10504
197042746,aristanetworks/ansible-cvp,0.2008,38.41,2,False,True,0.392,1.94,8,8363
43875961,ARTbio/GalaxyKickStart,0.0723,22.14,4,True,True,0.3509,0.08,3,8356
216904863,artis3n/ansible_galaxy_collection,0.0125,7.08,2,False,True,0.069,0.17,17,6388
216852403,artis3n/ansible-collection-github,0.0202,11.8,2,False,True,0.2857,0.08,6,485
202758842,aruba/aoscx-ansible-role,0.1264,3.43,3,False,False,0.0303,0,8,4554
17664561,AtlasOfLivingAustralia/ala-install,0.1113,32.02,13,False,True,0.5084,2.19,2,109560
179678808,automium/service-kubernetes,0.1126,36.37,2,False,True,0.7204,0.26,204,2892
19519415,avanov/ansible-galaxy-pyenv,0.3005,1.11,3,True,True,0.85,0.12,2,270
97092571,avinetworks/ansible-role-aviconfig,0.0142,3.23,4,True,True,0.971,0.05,22,278
114410657,avinetworks/ansible-role-avicontroller-csp,0.0187,1.37,3,True,True,0.6842,0,7,472
123602857,avinetworks/ansible-role-avicontroller-vmware,0.0634,1.62,5,True,True,0.5385,0.03,5,635
69491937,avinetworks/ansible-role-avisdk,0.1802,4.98,6,True,True,0.0244,0,36,7176
72055146,avinetworks/ansible-role-avise,0.027,4.24,3,True,True,0.8,0,9,1585
129978123,avinetworks/ansible-role-avise-csp,0.0158,1.46,4,False,True,0.8,0.21,4,621
137773076,avinetworks/ansible-role-avise-vmware,0.0546,0.75,3,False,True,0.625,0.39,3,1038
79982513,avinetworks/ansible-role-docker,0.0372,1.27,3,True,True,0.8491,0.17,6,931
29599762,azavea/ansible-opentripplanner,0,1.83,4,False,True,0.5833,0,24,156
114970493,Azure-Samples/ansible-playbooks,0.0973,5.19,3,True,True,0.8182,2.94,3,2820
179023139,Azure/ansible-aks,0.0878,5,4,True,True,0.8276,0,2,499
113817885,Azure/azure_preview_modules,0.0854,16.58,3,True,False,0.2784,9.89,3,50995
169030678,badpacketsllc/ansible-aws_cli,0.0039,1.79,2,True,True,0.5714,0.63,3,508
53695197,Batix/rundeck-ansible-plugin,0.0743,4.19,6,True,True,0.0769,2.68,34,3077
61400628,bdellegrazie/ansible-role-ca-certificates,0.0026,1.17,2,True,True,0.5517,0.02,8,756
197024683,berttejeda/ansible-taskrunner,0.106,32.6,2,True,True,0.2078,0,7,4235
106127645,bery/ansible-ghost,0.1313,2.75,1,False,False,0.7037,0,5,496
133828241,bird-house/ansible-wps-playbook,0.1459,6.83,2,True,True,0.6579,3.07,7,1376
52640149,blackstar257/ansible-deploy,0.1773,0.62,2,True,True,0.7273,0,2,580
193971997,bluebanquise/bluebanquise,0.0842,58.06,3,True,True,0.6003,15.59,5,13549
75483970,bmacauley/ansible-playbook-mac-dev,0.13,4.67,3,True,True,0.6818,0,5,810
167617137,bneijt/ipfs-video-gateway,0.0241,3,1,False,True,0.3333,0,2,283
105424264,bngsudheer/ansible-role-centos_base,0.0103,3.4,2,True,True,0.4815,0,29,479
220226049,caddy-ansible/caddy-ansible,0.0105,4.03,5,True,True,0.6154,0.08,9,473
55089605,caktus/tequila-common,0.0699,3.1,4,False,True,0.4,0.05,15,399
55089698,caktus/tequila-django,0.1319,4.93,5,False,True,0.5,0.08,31,882
55089758,caktus/tequila-nginx,0.0027,3.02,3,False,True,0.6364,0.02,14,369
156074529,carlba/ansible-role-dotfiles-minimal,0.0594,2.75,1,True,False,0.45,0.04,7,301
208954001,carlmontanari/nornsible,0.0608,6.5,2,False,True,0.4286,0,6,3522
60802750,CentOS-PaaS-SIG/linchpin,0.104,80.17,5,True,True,0.3756,4.58,76,41596
17373313,ceph/ceph-ansible,0.1479,67.59,7,True,True,0.445,3.65,255,24633
183172075,chaos-bodensee/role-i3wm,0.0578,1.82,2,True,True,0.4203,0,5,734
165523314,chaos-bodensee/voc-setup,0.0876,14.23,2,False,True,0.2353,0,3,844
205745610,christian-schlichtherle/kalaxy,0.0309,10.64,1,False,True,0.8571,0,8,815
158248282,christiangda/ansible-role-amazon-cloudwatch-agent,0.1167,6.47,1,True,True,0.6667,0.17,6,1188
205541807,chriswayg/ansible-initial-server,0.1556,29.75,1,True,False,0.8,0,5,1324
124455707,ChromaticHQ/ansible-deploy-drupal,0.1344,1.06,2,False,True,0.5714,0.06,10,219
95678553,chusiang/ansible.dockerfile,0.0323,0.87,2,False,True,0,0.1,5,300
61442703,chusiang/gitbook.ansible.role,0.1685,1.56,2,True,True,0.4545,0.29,21,385
71463293,chusiang/testlink.ansible.role,0.1697,2.05,2,True,True,0.5455,0,11,504
112320479,cimon-io/ansible-role-postgresql,0.2136,3.76,14,True,True,0.6667,0,4,1178
134294492,CiscoDevNet/FTDAnsible,0.1043,28.67,4,False,True,0.5072,0.07,6,7127
89618427,citrix/citrix-adc-ansible-modules,0.0177,16.98,1,False,True,0.2348,0.58,12,149679
184180576,clay584/parse_genie,0.1343,2.33,2,True,True,0.5333,0,14,464
187069414,Cloud-Temple/yaani,0.1764,4.83,2,False,True,0.1176,0,8,1826
112222674,cloudalchemy/ansible-alertmanager,0.0777,6.9,4,True,True,0.6154,0.14,61,1305
112223046,cloudalchemy/ansible-blackbox-exporter,0.0905,4.48,3,True,True,0.6111,0.11,36,804
162003671,cloudalchemy/ansible-coredns,0.0401,4.61,2,True,True,0.5882,0.13,7,767
112223013,cloudalchemy/ansible-grafana,0.1277,8.89,3,True,True,0.6818,1.69,66,1680
139183152,cloudalchemy/ansible-mysqld_exporter,0.0401,3.59,3,True,True,0.5625,0,5,743
112219931,cloudalchemy/ansible-node-exporter,0.026,7.09,3,True,True,0.6053,0.92,68,1309
203333475,cloudalchemy/ansible-process_exporter,0.0467,3.5,3,True,True,0.5938,0,3,674
112219764,cloudalchemy/ansible-prometheus,0.0361,12.61,3,True,True,0.6591,0.92,117,1791
144489384,cloudalchemy/ansible-pushgateway,0.0396,3.92,2,True,True,0.6111,0.04,9,776
221063702,cloudalchemy/ansible-smokeping_prober,0.0403,2.18,2,True,True,0.6053,0.09,1,785
113624820,cloudalchemy/ansible-snmp-exporter,0.0409,3.71,3,True,True,0.5882,0,29,750
98161271,Cloudbox/Cloudbox,0.179,89.47,1,True,True,0.8723,0.4,27,12958
177762187,clouddrove/ansible-role-common,0.0856,3.65,4,False,True,0.5263,0,2,235
182848369,clouddrove/ansible-role-docker-nginx,0.1306,1.23,3,False,True,0.4091,0,2,293
182843963,clouddrove/ansible-role-docker-php,0.3859,2,4,False,True,0.4737,0,3,358
27962223,cloudify-cosmo/cloudify-ansible-plugin,0.1133,8.18,3,False,True,0.2766,0.17,17,3536
99026235,cloudposse/terraform-aws-ec2-instance,0.0789,1.28,2,False,True,0.0345,0.12,35,1062
98403296,cloudposse/terraform-null-ansible,0.0926,0.83,2,False,True,0.1,0.33,15,147
142926510,clusterfrak-dynamics/symplegma,0.0651,5.14,1,False,True,0.1515,0,26,1464
142928476,clusterfrak-dynamics/symplegma-os_bootstrap,0.0045,1.41,1,True,True,0.8333,0,15,221
34880975,cmprescott/ansible-role-autofs,0.1074,1.19,6,True,False,0.7,0,9,216
85088897,CMSgov/bluebutton-web-deployment,0.1274,78.37,2,False,True,0.5519,0,2,13503
107745952,codeyourinfra/codeyourinfra,0,10.15,2,False,True,0.1111,0,7,45
67416531,CoffeeITWorks/ansible_burp2_client,0.2421,1.96,3,True,True,0.75,0.06,12,764
64398826,CoffeeITWorks/ansible_burp2_server,0.2008,7.27,2,True,True,0.5784,0.67,24,1672
67424081,CoffeeITWorks/ansible_nagios4_server_config,0.4224,1.51,2,True,True,0.3208,0,8,2046
151358329,cohesity/cohesity-ansible-role,0.0882,6.52,4,False,True,0.3929,0.23,7,12005
174552715,colin-mccarthy/servicenow_network_tickets,0.0971,2.73,2,False,False,0.9091,0,3,307
96927090,CommunityHoneyNetwork/cowrie,0.1502,4.25,4,False,True,0.0556,0,13,447
19279458,ComplianceAsCode/content,0.1618,153.12,14,True,True,0.2942,51.22,44,570650
124378993,coopdevs/certbot_nginx,0.0139,2.04,5,True,False,0.5625,0.2,5,213
120005796,counteractive/incident-response-plan-template,0.022,1.76,4,False,True,0.0769,0,2,2004
170104170,credativ/ansible-playbook-patroni-debian,0.0334,1.1,1,False,True,0.5263,0,2,376
49960209,CruGlobal/ansible-oracle-db-upgrade,0.094,0.57,2,False,False,0.84,0,6,1532
46587823,CruGlobal/ansible-oracle-psu,0.164,1.28,1,False,False,0.8529,0,12,1488
43867217,CSCfi/ansible-role-collectd,0.317,2.26,3,True,True,0.4737,0,17,431
45902662,CSCfi/ansible-role-cuda,0.2996,2.46,4,True,True,0.8485,0.05,22,374
46493187,CSCfi/ansible-role-dell,0.2877,0.98,3,True,True,0.4118,0,12,453
52792547,CSCfi/ansible-role-dell-firmware-upgrade,0.0988,1.09,4,True,True,0.3333,0.05,6,365
49859921,CSCfi/ansible-role-disk-scheduler,0.1004,0.4,2,True,True,0.4545,0.06,3,233
43732667,CSCfi/ansible-role-flowdock,0.3786,0.96,2,True,True,0.5,0,16,261
53916908,CSCfi/ansible-role-hosts-inventory,0.3678,0.71,2,True,True,0.6,0,5,306
46708687,CSCfi/ansible-role-hp-firmware-upgrade,0.0761,1.6,4,True,True,0.7391,0.18,4,534
84969565,CSCfi/ansible-role-jetty,0.0738,0.48,2,True,False,0.5556,0,5,113
46275174,CSCfi/ansible-role-nhc,0.3554,1.55,3,True,True,0.5,0,16,292
45098692,CSCfi/ansible-role-nis,0.2322,1.6,3,True,True,0.7143,0,13,764
50902679,CSCfi/ansible-role-pdsh-machines,0.4022,0.52,2,True,True,0.5714,0,5,278
49950243,CSCfi/ansible-role-provision-vm,0.2716,1.27,7,True,True,0.55,0,9,700
43808719,CSCfi/ansible-role-pxe_bootstrap,0.372,0.91,4,True,True,0.4444,0.03,11,260
42982158,CSCfi/ansible-role-pxe_config,0.3042,3.6,4,True,True,0.4545,0.03,20,526
43130530,CSCfi/ansible-role-rdma,0.2916,1.42,3,True,True,0.55,0,21,430
42577617,CSCfi/ansible-role-rsyslog,0.3849,0.93,3,True,True,0.625,0,13,286
170679792,CSCfi/ansible-role-shibboleth-idp-proxy,0.0981,4.85,3,True,False,0.625,0,11,1113
84821229,CSCfi/ansible-role-shibboleth-sp,0.1057,2.79,3,True,False,0.8214,0,12,677
84302071,CSCfi/ansible-role-singularity,0.4362,0.79,2,True,True,0.5385,0,6,296
42846136,CSCfi/ansible-role-slurm,0.1243,7.28,5,True,True,0.6471,0.18,67,1374
42647301,CSCfi/ansible-role-squid,0.2683,1.43,3,True,True,0.5,0,10,480
50429308,CSCfi/ansible-role-stress,0.1051,0.22,3,True,True,0.3571,0,4,315
42512164,CSCfi/ansible-role-users,0.2484,2.55,6,True,True,0.375,0.08,33,587
43545910,CSCfi/ansible-role-yum,0.2889,1.2,3,True,True,0.5625,0,16,421
117805312,CSCfi/qvain-ops,0.195,2.24,3,True,True,0.4,0,6,1519
107903294,curationexperts/ansible-samvera,0.1461,6.59,3,False,True,0.8254,0.35,8,1262
155053767,cyberark/cpm,0.0227,1.82,2,False,True,0.5833,0,7,732
158565938,cyberark/pas-orchestrator,0.23,1.73,2,False,True,0.4681,0.35,7,1999
155053788,cyberark/psm,0.0189,5.14,3,False,True,0.5769,0,7,1196
155053806,cyberark/pvwa,0.0234,1.91,1,False,True,0.6,0.04,8,710
193398700,cylc/cylc-ansible,0.118,13.67,1,True,True,0.65,0,2,299
98299377,dachande/typo3-bootstrap,0.2484,3.55,1,False,False,0.5185,0,8,808
134830924,damex/ansible-role-package,0,1.07,2,False,False,0.9091,0,8,117
64062259,danbohea/ansible-role-macos-dock,0.3318,2.18,1,True,False,0.75,0,3,147
83979066,danielkoster/ansible-role-transmission-daemon,0.032,0.93,2,True,True,0.6154,0,4,212
145414708,dansible/terraform-google-storage-bucket,0.2,0,1,False,True,0,0,2,100
20684278,DataDog/ansible-datadog,0.0517,4.1,9,False,True,0.7544,1.17,29,1781
75486090,daveyb/ansible,0.057,1.38,2,False,True,0.8676,0,2,811
204793714,davidban77/ansible-collection-gns3,0.0726,45,2,False,True,0.4286,0.57,5,1112
18694239,DavidWittman/ansible-redis,0.0571,3.92,5,True,True,0.7,1.39,21,1156
160501631,dcos/dcos-ansible,0.0403,7.14,5,False,False,0.8085,1.09,7,2545
93437464,deekayen/ansible-role-chocolatey,0,0.78,2,True,True,0.5556,0,7,98
74082083,Dell-Networking/ansible-dellos-docs,0.0724,0.89,2,False,True,0,0,3,3099
73520564,Dell-Networking/ansible-dellos-examples,0.0716,0.82,2,False,True,0.7607,0.08,3,8733
80266658,Dell-Networking/ansible-role-dellos-acl,0.0604,0.52,2,False,True,0.8889,0,6,311
73995376,Dell-Networking/ansible-role-dellos-bgp,0.0375,0.64,1,False,True,0.8889,0,10,513
73995272,Dell-Networking/ansible-role-dellos-interface,0.0615,0.63,1,False,True,0.8889,0,9,305
73995181,Dell-Networking/ansible-role-dellos-lag,0.087,0.54,1,False,True,0.8889,0,7,210
96153713,Dell-Networking/ansible-role-dellos-snmp,0.0517,0.48,3,False,True,0.8889,0,3,367
73875836,Dell-Networking/ansible-role-dellos-system,0.0608,0.6,1,False,True,0.8889,0,8,309
96153970,Dell-Networking/ansible-role-dellos-users,0.087,0.56,3,False,True,0.8889,0,3,210
73966842,Dell-Networking/ansible-role-dellos-vlan,0.0901,0.62,1,False,True,0.8889,0.15,11,202
80267554,Dell-Networking/ansible-role-dellos-vrf,0.0765,0.52,3,False,True,0.8667,0,7,181
96154229,Dell-Networking/ansible-role-dellos-vrrp,0.0554,0.78,5,False,True,0.8824,0,3,307
73995306,Dell-Networking/ansible-role-dellos-xstp,0.0564,0.54,2,False,True,0.875,0,6,318
189033385,dell/ansible-powermax,0.0825,0.81,2,False,True,0.24,0,2,3936
119851437,dell/dellemc-openmanage-ansible-modules,0.0627,6.33,4,False,False,0.2939,4.26,20,31847
131582325,delphix/dx-workshops,0.095,10.77,1,False,True,0.2979,0.73,16,15164
38443903,dev-sec/ansible-mysql-hardening,0.0574,2.33,6,True,False,0.7586,0.12,3,706
64212361,dev-sec/ansible-nginx-hardening,0.0568,1.27,3,True,False,0.5909,0,5,581
35051828,dev-sec/ansible-os-hardening,0.1084,7.61,5,True,False,0.7895,1.55,15,1884
50925884,devops-works/ansible-baseline,0.2096,1.56,3,True,False,0.7037,0.03,25,264
159208708,devroles/mingw_sword_package,0.0112,1.71,1,False,False,0.8125,0,2,265
190293520,dgsd-consulting/k8s-terraform,0.1888,72.25,1,False,True,0.4587,0,3,13812
184796798,diodonfrost/ansible-role-amazon-ssm,0.0351,3.94,1,True,True,0.8,0,5,578
156391929,diodonfrost/ansible-role-java,0.1029,5.71,1,True,True,0.9259,0,13,959
151299729,diodonfrost/ansible-role-logrotate,0.1013,2.28,1,True,True,0.7586,0,6,479
147718744,diodonfrost/ansible-role-mariadb,0.1088,3.55,2,True,True,0.7727,0.17,4,967
182519321,diodonfrost/ansible-role-packer,0.1083,4.05,1,True,True,0.8049,0,6,782
154668406,diodonfrost/ansible-role-puppet-agent,0.1223,4.08,1,True,True,0.9123,0,8,990
144179214,diodonfrost/ansible-role-ssh-hardening,0.1096,2.91,2,True,True,0.6286,0,5,780
181340557,diodonfrost/ansible-role-terraform,0.1179,3.95,1,True,True,0.8462,0,8,711
186503883,diodonfrost/ansible-role-terragrunt,0.0586,3,1,True,True,0.8,0,5,482
182240460,diodonfrost/ansible-role-vagrant,0.1094,3.74,1,True,True,0.7143,0.16,5,594
144394301,diodonfrost/docker-ansible,0.0029,7.04,1,False,True,0,0,16,349
151939323,diodonfrost/ubuntu-laptop-playbook,0.1145,5.65,1,True,True,0.7143,0,6,580
42811525,dj-wasabi/ansible-telegraf,0.0105,4.98,7,False,True,0.6667,0.61,0,1314
26018182,dj-wasabi/ansible-zabbix-proxy,0.0208,2.5,3,True,True,0.697,0,13,1363
205687693,DmitryRomanenko/certbot-dns,0,5.33,2,True,True,0.7,0,2,163
38701252,dockpack/ansible-consul,0.0364,14.2,6,True,True,0.7979,0.66,151,3098
62896585,dockpack/ansible-nomad,0.0291,4.71,3,True,True,0.6579,0.43,63,1535
70871612,dockpack/ansible-vault,0.0417,9.37,6,True,True,0.7547,0.43,93,2139
114118935,dockpack/base_docker,0.0326,1.91,1,True,True,0.3929,0,14,475
114117147,dockpack/base_git,0.0303,1.59,1,True,True,0.5294,0,5,320
195572582,dockpack/secure_ssh,0.0455,15.57,1,False,False,0.4,0,13,1195
183217248,dodevops/ansible-teamcity-callback,0.1481,1.8,1,False,True,0,0.05,3,92
179346232,dokku/ansible-dokku,0.0193,6.05,3,False,True,0.3333,1.58,5,3095
146104060,DrPsychick/ansible_influx_downsampling,0.107,5.88,1,True,True,0.5312,0,5,1602
122424272,dsaidgovsg/terraform-modules,0.0814,6.64,2,False,True,0.153,2.67,8,14489
204773844,dynatrace-acm/dtacmworkshop,0.0134,5.64,1,False,True,0.5366,0,3,3612
61556089,Dynatrace/Dynatrace-OneAgent-Ansible,0.0248,2.42,4,False,True,0.6364,0,4,394
110401202,easzlab/kubeasz,0.1252,25.78,3,False,False,0.6853,6.39,33,14458
48370306,elastic/ansible-beats,0.0152,2.53,4,False,True,0.6098,0.93,8,1099
34840276,elastic/ansible-elasticsearch,0.0315,15.87,6,False,True,0.5714,1.01,27,3169
25396173,elnappo/ansible-role-apt-cacher-ng,0.0138,0.87,2,True,True,0.5714,0,5,214
30872644,elnappo/ansible-role-check-mk-agent,0.0636,0.9,2,True,True,0.0988,0.09,10,486
28814712,elnappo/ansible-role-nsd,0.0128,0.42,2,True,False,0.6429,0,2,232
36286172,elnappo/ansible-role-prosody,0.2106,0.56,4,True,True,0.5625,0.05,5,341
28715877,elnappo/ansible-role-quassel-core,0.0172,0.33,3,True,True,0.5714,0,4,171
29060068,elnappo/ansible-role-secure-openssh-server,0.0151,0.53,2,True,False,0.6429,0,6,327
98569867,elnebuloso/docker-ansible,0.0159,2.94,3,False,True,0.2667,0,8,124
154172251,entanet-devops/salt,0.0714,0.45,2,False,False,0.75,0,3,52
145096631,entercloudsuite/ansible-consul,0.0326,1.56,1,True,True,0.75,0,5,624
156935893,ericsysmin/ansible-role-gcloud,0.0312,1.56,1,True,True,0.6957,0,2,341
67443303,ernestas-poskus/ansible-prometheus,0.0354,5.05,2,True,True,0.7045,0,39,14728
161669686,ESGF/esgf-ansible,0.1456,36.35,2,False,False,0.7786,0.59,9,3356
68972872,eugene-sy/playwright,0.0488,2.83,1,True,True,0.05,0,3,2144
53876222,eumel8/ansible-otc,0.097,10.37,1,True,True,0.3623,0.04,7,2114
163868741,evalytica/ansible-github-actions,0.051,1.3,1,False,True,0,0,4,93
167637903,evandam/evandam.conda,0.1187,4.58,3,True,True,0.3333,0.1,3,438
41480840,evrardjp/ansible-keepalived,0.4578,3.02,7,False,True,0.7143,0.03,43,694
18811081,f500/ansible-project_deploy,0.2649,1.13,4,False,False,0.5,0,25,308
189781643,fabianoflorentino/code-infra,0.0083,8.23,3,False,False,0.6303,0,8,10893
37154906,fboender/ansible-cmdb,0.2118,7.86,2,False,True,0.0179,0.59,32,39609
91699290,fcsonline/drill,0.0211,5.42,2,True,True,0.1961,0.93,7,1766
92536360,FELDSAM-INC/ansible-one-inv,0.3145,0.5,1,False,True,0,0,4,85
51394143,fgci-org/ansible-role-lustre_client,0.3306,1.25,4,False,True,0.625,0,6,322
42441531,fgci-org/fgci-ansible,0.1476,23.86,5,True,True,0.6354,1.29,65,1918
176794131,Flaconi/ansible-role-helm,0.1391,1.07,1,True,True,0.5185,0,11,582
133057520,Flaconi/ansible-role-kops,0.2195,4.1,2,True,False,0.7097,0,6,864
55308698,FlatKey/ansible-firewalld-role,0,1.04,3,False,True,0.6667,0.04,11,175
115824369,florianutz/Ubuntu1604-CIS,0.0119,2.38,2,True,True,0.7885,0.06,5,4820
161541176,florianutz/Ubuntu1804-CIS,0.0115,3.45,2,True,True,0.7885,0.52,7,5668
197494387,flowerysong/ansible-sensu-go,0.0596,3.75,1,False,False,0.2692,0,2,2728
67722864,folio-org/folio-ansible,0.0149,34.41,4,False,True,0.4889,0,7,44613
176838285,fortinetps/ansible_fortigate_remote_console,0.1486,1.2,2,False,True,0.0625,0,2,825
100011735,freeipa/ansible-freeipa,0.1216,22.9,2,False,False,0.6715,6.72,10,37823
36947866,FreifunkBremen/ansible,0.0259,12.22,6,False,False,0.4099,0.34,2,7229
76622651,fubarhouse/ansible-role-golang,0.0202,8.62,1,True,True,0.8333,0.79,19,775
110822083,fubarhouse/ansible-role-rust,0.0228,4.31,1,True,True,0.7778,0.23,4,385
23633237,galaxyproject/ansible-galaxy,0.1107,2.93,6,True,False,0.7857,0.15,30,1310
29985402,galaxyproject/ansible-galaxy-os,0.0455,1.53,6,True,True,0.5833,0.1,4,462
39786045,galaxyproject/ansible-galaxy-tools,0.0391,2.78,4,True,True,0.68,0.67,5,1620
23654038,galaxyproject/ansible-pulsar,0.1489,0.79,3,False,False,0.8889,0,14,446
167735681,galaxyproject/ansible-slurm,0.1071,0.56,1,False,False,0.875,0,7,325
29971156,galaxyproject/ansible-trackster,0.0526,0.39,2,False,True,0.5,0,2,72
143513876,gantsign/ansible_role_antigen,0.0433,1.74,1,True,True,0.4694,0,6,951
144765940,gantsign/ansible_role_antigen_bundles,0.0328,1.38,1,True,True,0.381,0,3,590
145280182,gantsign/ansible_role_backup,0.0638,0.96,2,True,True,0.4,0,3,411
150581655,gantsign/ansible_role_bat,0.0443,1.4,1,True,True,0.3529,0,6,388
146173382,gantsign/ansible_role_ctop,0.0365,1.35,1,True,True,0.375,0,4,554
150562263,gantsign/ansible_role_fd,0.0466,1.24,1,True,True,0.3529,0,5,368
144414204,gantsign/ansible_role_git_credential_manager,0.0535,1.81,1,True,True,0.4444,0,7,672
146192067,gantsign/ansible_role_git_user,0.0332,1.31,1,True,True,0.3571,0,2,670
144564452,gantsign/ansible_role_hub,0.0355,2,1,True,True,0.4048,0,18,679
150095930,gantsign/ansible_role_intellij_jdks,0.0296,1.28,1,True,True,0.2941,0,2,720
147928004,gantsign/ansible_role_kompose,0.0463,1.32,1,True,True,0.3611,0,4,494
150976281,gantsign/ansible_role_kops,0.0446,1.68,1,True,True,0.3611,0,12,471
145876861,gantsign/ansible_role_minikube,0.0353,2.37,1,True,True,0.3659,0,25,574
147944724,gantsign/ansible_role_pipenv,0.0401,1.2,1,True,True,0.3333,0,2,335
144993921,gantsign/ansible_role_sdkman,0.0424,1.38,1,True,True,0.4186,0,4,722
145205497,gantsign/ansible_role_sdkman_init,0.0242,1.35,1,True,True,0.4898,0.38,2,645
150950531,gantsign/ansible_role_timezone,0.0457,1,1,True,True,0.3529,0,2,376
62876623,gantsign/ansible-role-apt,0.0892,1.52,1,True,True,0.3214,0,7,194
62664227,gantsign/ansible-role-atom,0.0299,1.71,1,True,True,0.375,0,10,357
72860399,gantsign/ansible-role-atom-packages,0.0478,1.12,1,True,True,0.3214,0,3,219
67330347,gantsign/ansible-role-default-web-browser,0.0581,1.26,1,True,True,0.4,0,6,389
69747477,gantsign/ansible-role-gnome-proxy,0.1702,1.24,1,True,True,0.3214,0,3,273
72764819,gantsign/ansible-role-golang,0.1509,3.52,1,True,True,0.8705,0,44,1137
69007118,gantsign/ansible-role-inotify,0.0419,1.27,1,True,True,0.3429,0,4,412
62698898,gantsign/ansible-role-intellij,0.0784,5.21,2,True,True,0.8507,0,97,2632
72837377,gantsign/ansible-role-intellij-plugins,0.0381,1.92,1,True,True,0.3784,0,15,682
65627377,gantsign/ansible-role-java,0.0454,4.45,1,True,True,0.5455,0.04,40,1431
62658841,gantsign/ansible-role-keyboard,0.0574,1.77,2,True,True,0.3529,0,9,345
72949203,gantsign/ansible-role-kubernetes,0.0942,1.31,1,True,True,0.4048,0,5,452
56260473,gantsign/ansible-role-lightdm,0.0843,1.73,1,True,True,0.3333,0,13,315
65609600,gantsign/ansible-role-maven,0.0645,2.88,1,True,True,0.5625,0,25,913
58157093,gantsign/ansible-role-maven-notifier,0.0397,2.22,1,True,True,0.5738,0,15,701
66017610,gantsign/ansible-role-oh-my-zsh,0.0769,2.1,1,True,True,0.3548,0,11,396
66655023,gantsign/ansible-role-pin-to-launcher,0.1215,1.82,1,True,True,0.3714,0,10,470
73462817,gantsign/ansible-role-postman,0.0662,1.35,1,True,True,0.3214,0,7,268
66775980,gantsign/ansible-role-terminator,0.0571,1.14,1,True,True,0.2963,0,4,165
62962594,gantsign/ansible-role-visual-studio-code,0.0452,3.42,1,True,True,0.3966,0.06,63,888
72853459,gantsign/ansible-role-visual-studio-code-extensions,0.0508,1.88,1,True,True,0.3902,0,10,710
39239870,gatblau/neus,0.1661,15.47,1,False,True,0.4573,0,11,8572
90181441,gcoop-libre/ansible-role-suitecrm,0.0198,1.23,2,False,False,0.8182,0,11,247
17390170,geerlingguy/ansible-role-firewall,0.0131,1.43,2,False,True,0.6667,0.16,30,226
59944462,gforcada/ansible-compile-python,0.0328,2.09,2,True,False,0.7059,0.12,33,531
40538342,gluster/gdeploy,0.1125,20.33,3,False,True,0.3228,0.87,46,9596
159518616,goodrain/rainbond-ansible,0.0911,34.71,5,True,True,0.7494,0.39,9,12944
23397594,Graylog2/graylog-ansible-role,0.0356,4.35,4,True,True,0.7059,0.25,26,1111
26034538,griggheo/ansible-consul-template,0.0772,1.13,8,False,True,0.6,0,9,311
40834115,GROG/ansible-role-management-user,0.0541,0.58,1,True,True,0.625,0,13,175
40204741,GROG/ansible-role-package,0.2557,0.46,1,True,True,0.8,0.02,7,259
155630158,GROG/terraform-null-ansible-lifecycle-role,0.2174,1.42,2,False,True,0.2222,0,8,252
150402986,grzegorznowak/ansible-nvm-node,0.058,1.88,2,False,False,0.5238,0,8,406
149320717,grzegorznowak/ansible-redis,0.0277,1.58,2,False,False,0.5667,0,12,457
107861172,guillaumebriday/traefik-docker-ansible,0.0132,3.33,1,False,True,0.6364,0,2,149
200037974,hadret/ansible-role-containers,0.0748,7,3,True,True,0.8571,0.29,4,334
176682343,hadret/ansible-role-restic,0.116,1,2,True,True,0.8,0.21,3,259
106412847,haidaraM/vagrant-to-ansible-inventory,0.2189,1.4,1,True,True,0.125,0,7,264
148769026,hamburger-software/ansible-role-vmware_ubuntu_cloud_image,0.0219,1.96,1,False,True,0.5833,0,6,313
38866407,HanXHX/ansible-debian-bootstrap,0.0788,2.81,2,True,True,0.7778,0.15,21,713
38942982,HanXHX/ansible-mysql,0.0796,2.3,2,True,True,0.6977,0.14,3,613
39130147,HanXHX/ansible-nginx,0.0573,5.47,2,True,True,0.7414,0.24,33,1745
39555910,HanXHX/ansible-php,0.0109,1.64,2,True,True,0.8065,0,10,728
87119090,haxorof/ansible-role-docker-ce,0.0595,7.41,1,False,True,0.75,0.32,40,3401
74956831,haxorof/ansible-role-hashicorp-tools,0.0755,1.67,2,True,True,0.5128,0,10,930
63065079,hellofresh/ansible-rabbitmq,0.1567,0.63,4,True,True,0.6818,0,9,1109
161312009,Hendrik44/docker-ansible-molecule,0.0571,1.79,2,False,False,0,0,13,33
132178404,HewlettPackard/hpe3par_ansible_module,0.1221,0.79,2,True,False,0.5373,1.18,2,14703
41844980,HewlettPackard/oneview-ansible,0.1608,42.22,14,True,True,0.3717,0.3,13,41601
131919455,HewlettPackard/oneview-ansible-samples,0.1366,1.04,2,False,True,0.375,0,2,1011
121695132,hg8496/ansible-hcloud-inventory,0.12,1.6,4,False,True,0,0,5,132
99909486,hispanico/ansible-nginx-revproxy,0.0064,1.92,4,True,True,0.8,0,8,620
127506848,Huawei/Server_Management_Plugin_Ansible,0.3522,1.58,2,False,False,0.3494,0,7,5256
138729566,humio/ansible-server,0.0897,5.59,4,False,False,0.7059,0,45,426
133032801,IBM/ansible-role-infosvr,0.3942,13.82,1,False,True,0.9534,0.29,44,5708
137233128,IBM/ansible-role-infosvr-import-export,0.2118,15.52,1,False,True,0.5,0.23,29,5634
133032624,IBM/ansible-role-infosvr-metadata-asset-manager,0.4565,3.62,1,False,True,0.9231,0,20,1118
106312673,IBM/osslm-ansible-resource-manager,0.2179,3.68,1,False,True,0.2381,0.26,12,3629
131996937,Icinga/ansible-icinga2,0.0113,1.93,3,False,True,0.6562,2.17,2,702
115113358,idealista/consul_role,0.0307,3,4,True,True,0.8085,0.83,10,1263
178378390,idealista/elasticsearch_role,0.0474,4.67,3,True,True,0.6667,0.2,7,1086
84817801,idealista/grafana_role,0.027,1.4,4,True,True,0.6875,0.42,6,720
76857031,idealista/java_role,0.0532,7.82,5,True,True,0.7333,0.04,21,1032
84809912,idealista/mysql_role,0.0358,2.77,4,True,True,0.7347,0.19,12,1267
133779178,idealista/nexus-role,0.0394,3.66,4,True,True,0.5517,0.03,9,2363
78723507,idealista/nginx_role,0.0248,3.61,3,True,True,0.7059,0.4,19,905
101870333,idealista/prom2teams_role,0.0335,2.39,4,True,True,0.6333,0,11,634
83359854,idealista/prometheus_alertmanager_role,0.0259,1.56,3,True,True,0.5294,0.29,5,716
125382158,idealista/prometheus_mysqld_exporter_role,0.0488,1.2,2,True,True,0.6296,0.6,3,663
84813341,idealista/prometheus_node_exporter_role,0.0408,2.31,5,True,True,0.7568,0,16,893
86368496,idealista/prometheus_redis_exporter_role,0.0379,1.32,3,True,True,0.6071,0,5,685
84816082,idealista/prometheus_server_role,0.0195,1.97,4,True,True,0.6829,0.09,13,903
88843701,idealista/redis_role,0.0395,6.66,3,True,True,0.7273,0.11,19,1167
166391422,idealista/rsyslog_role,0.0765,2.59,3,True,True,0.5926,0,7,567
77052305,idealista/solrcloud-role,0.1472,5.5,4,True,True,0.1912,0.13,21,7903
111905129,idealista/vips_role,0.044,0.76,3,True,True,0.6667,0,2,239
77050574,idealista/zookeeper_role,0.0451,3.81,5,True,True,0.7353,0.12,15,720
62036371,indigo-dc/ansible-role-galaxycloud,0.1453,11.1,1,True,False,0.9153,0,5,1529
84540901,indigo-dc/ansible-role-galaxycloud-refdata,0.1523,7.21,1,True,False,0.8947,0,4,345
138125771,indigo-dc/ansible-role-indigovr,0.0342,2.33,3,True,False,0.8696,0,2,395
46574024,infOpen/ansible-role-docker,0.0682,3.25,4,True,True,0.6047,0.05,13,874
42964425,infOpen/ansible-role-fail2ban,0.1033,2.76,3,True,True,0.7,0.12,3,816
42817900,infOpen/ansible-role-ntp,0.0891,3.08,2,False,True,0.5758,0.05,2,562
45729989,infOpen/ansible-role-openjdk-jdk,0.0524,2.89,2,False,True,0.5517,0.03,2,416
47791721,infOpen/ansible-role-vsftpd,0.102,3.21,5,True,True,0.5385,0,14,1127
48002389,infOpen/cookiecutter-ansible-role,0.066,9.73,3,False,True,0.3333,0,48,679
189268761,InformaticsMatters/ansible-galaxy-cloud,0.2013,23.78,1,True,True,0.7917,0,7,1857
62701692,infothrill/ansible-role-cherrymusic,0.0448,1.12,1,True,True,0.5833,0,2,320
115184071,infothrill/ansible-role-datadog-check-lynis,0.0395,1.92,2,True,True,0.5652,0,5,365
97639567,infothrill/ansible-role-datadog-check-nsd,0.0525,1.82,2,True,True,0.5417,0,5,361
87769793,infothrill/ansible-role-hd_idle,0.0464,1.32,2,True,True,0.6364,0.02,8,349
131622185,infothrill/ansible-role-lynis,0.0366,2.68,2,True,True,0.6522,0,7,316
62779204,infothrill/ansible-role-monitorix,0.0409,1.49,2,True,True,0.6364,0,7,258
151775050,infothrill/ansible-role-nullmailer,0.0544,2.52,3,True,True,0.5,0,4,226
69904448,infothrill/ansible-role-rpi-boot-config,0.0464,0.86,3,True,True,0.619,0,5,185
140755829,infothrill/ansible-role-runit,0.0478,1.29,3,True,True,0.6923,0,3,299
262424053,inkatze/dotfiles,0.1178,10.2,1,False,True,0.102,0,24,1295
39654623,inkatze/wildfly,0.0095,1.07,4,True,True,0.6296,0.39,7,836
96099788,instana/instana-agent-ansible,0.2325,0.75,4,True,True,0.72,0,2,307
172536258,integr8ly/ansible-tower-configuration,0.0336,22.93,4,False,False,0.7791,0,7,4510
142424316,integr8ly/installation,0.0453,84.07,15,True,False,0.9134,23.96,90,9493
111745915,intel/container-experience-kits,0.0564,3.25,2,False,True,0.8095,0,4,49864
95902749,inteos/IBAdmin,0.1288,5.26,1,True,True,0.0006,0.21,5,186803
84238635,ionos-enterprise/profitbricks-module-ansible,0.1029,2.86,3,False,False,0.4651,0,6,5475
115402450,iopsgroup/imoocc,0.2358,0.32,1,False,True,0.0023,0.26,2,73472
110171700,Islandora-Devops/ansible-role-alpaca,0,0.84,2,False,True,0.75,0.51,8,237
110173045,Islandora-Devops/ansible-role-blazegraph,0.1915,0.42,4,True,True,0.619,0,5,342
110173455,Islandora-Devops/ansible-role-crayfish,0.0311,1.68,3,True,True,0.8571,0.4,20,530
110145060,Islandora-Devops/ansible-role-fcrepo,0.1957,0.67,4,False,True,0.5294,0,6,444
110166027,Islandora-Devops/ansible-role-fcrepo-syn,0.0682,0.51,3,False,True,0.4545,0,5,246
110167837,Islandora-Devops/ansible-role-karaf,0.0409,0.38,3,True,True,0.6,0,4,446
37339927,iterateco/ansible,0.1196,5.48,1,False,True,0.9532,0,52,2562
47978803,izanami-team/IZANAMI,0.0253,3.43,3,False,True,0.8333,0.02,8,1964
219737915,jaimesf/ansible-webtools-installer,0.0239,2,1,False,False,0.7182,0,2,1922
128169246,jamesla/ansible-windows-java,0,0.32,2,False,False,0.75,0,2,49
122892174,jaredledvina/sensu-go-ansible,0.0314,28.06,2,True,True,0.6792,0.27,9,2099
138712039,jasonheecs/docker-ansible-kitchenci,0.0057,0.68,1,True,True,0.087,0,4,347
128812975,javiergayala/ansible-role-filebeat,0.0253,1.13,2,True,False,0.6667,0,7,462
127453705,javiergayala/ansible-role-kibana,0.0344,0.52,2,True,False,0.6,0,3,365
155490027,jborean93/ansible-role-win_openssh,0.0182,0.67,1,True,True,0.6087,0,2,755
133882455,jborean93/PowerShell-AnsibleVault,0.2677,1.26,3,True,True,0.1163,0.03,3,1409
18198998,jcalazan/ansible-django-stack,0.0647,2.71,6,True,True,0.8077,0.91,2,1244
16508745,jdauphant/ansible-role-ssl-certs,0.2566,0.74,4,True,True,0.7,0,17,255
214815012,JGoutin/ansible_home,0.0421,11.69,1,False,True,0.7111,1.08,5,3894
61132741,Jimdo/ansible-fastly,0.0039,5.46,3,True,True,0.4848,0.23,20,16108
101707000,jmunixusers/cs-vm-build,0.1589,13.76,3,False,True,0.6053,0.71,6,2599
16036646,jnv/ansible-role-unattended-upgrades,0.2817,0.92,3,True,True,0.6364,0.6,16,306
20051478,johanmeiring/ansible-sftp,0.0759,1.4,6,True,True,0.3158,0.21,21,426
136237046,jonathanmorgan/ansible-patterns,0.3068,3.38,2,False,True,0.9375,0,3,1749
81802109,jradtilbrook/ansible-role-pgbouncer,0.2237,0.58,1,True,True,0.6154,0,5,177
46561487,jshmrtn/fuel,0.0122,1.39,2,False,True,0.5385,0.23,17,646
16183015,Juniper/ansible-junos-stdlib,0.3325,8.06,9,False,True,0.1477,4.86,22,7444
20146312,k1LoW/emacs-ansible,0.1822,0.87,6,False,True,0,0.26,6,220
76637791,kairen/kube-ansible,0.0051,7,3,True,True,0.8945,0.26,6,13597
124552404,kevincoakley/ansible-role-citus,0.0508,1.7,1,False,False,0.8421,0,8,392
58777453,kevincoakley/ansible-role-docker,0.0727,1.2,1,True,False,0.7692,0,5,255
46526625,kevincoakley/ansible-role-neo4j,0.0649,1.23,2,False,False,0.7857,0,6,288
64872847,kevincoakley/ansible-role-prometheus-node-exporter,0.0582,1.22,2,False,False,0.8182,0,11,178
76508605,kevincoakley/ansible-role-user,0.0991,0.41,1,True,False,0.75,0,3,191
62921315,kevincoakley/ansible-role-zeppelin,0.073,2.08,1,True,False,0.8333,0,10,368
115199579,kewlfft/ansible-aur,0.0927,4.56,4,False,True,0.25,0.23,6,274
78658768,kibatic/ansible-traefik,0.0462,2.02,2,True,True,0.5333,0.2,15,165
151719549,kitt1987/simple-kubernetes,0.0138,6.74,2,False,True,0.8511,0,5,1859
203009939,kriansa/ansible-bundler,0.1625,2.91,1,False,True,0,0.07,11,304
197391953,ksandermann/cloud-toolbox,0.1114,2.88,1,False,True,0,0,17,367
87612854,kso512/ansible-install-mpd,0.0743,3.27,1,True,True,0.6429,0,22,511
100727328,kso512/install-check_mk-client,0.0608,4.41,2,True,True,0.8235,0,28,757
92309562,kso512/install-check_mk-server,0.113,3.88,2,True,True,0.6875,0,32,408
126311840,kubevirt/ansible-kubevirt-modules,0.064,8.78,5,True,True,0.4911,0,2,3201
103531813,kubevirt/kubevirt-ansible,0.2109,21.74,6,False,True,0.062,0.14,24,309025
85487867,Kwpolska/ansible-nginx-uwsgi,0.0131,0.89,1,False,True,0.4091,0,11,453
81477843,lae/ansible-role-netbox,0.0361,8.21,1,True,True,0.7037,0.71,59,1148
68048671,lae/ansible-role-proxmox,0.0526,5.68,2,True,True,0.5625,1.06,20,2541
204366671,launchdarkly-labs/ansible-launchdarkly-collection,0.0353,7,2,False,True,0.1626,0.08,2,7687
171251090,lean-delivery/ansible-modules-aem,0.1689,2.64,2,True,True,0.1111,0,3,1565
171946118,lean-delivery/ansible-molecule-drivers,0.0147,2.38,2,False,True,0.6667,0,3,1073
170286463,lean-delivery/ansible-role-aem-dispatcher,0.0486,18.27,2,True,True,0.8864,0.18,4,685
169718970,lean-delivery/ansible-role-aem-node,0.0365,5.36,2,True,True,0.9074,0.09,3,1876
144986049,lean-delivery/ansible-role-docker,0.1354,0.62,3,True,True,0.8333,0,7,600
166202903,lean-delivery/ansible-role-filebeat,0.0081,0.83,1,True,True,0.8421,0.29,3,854
145731341,lean-delivery/ansible-role-gitlab-runner,0.0124,0.73,3,True,True,0.8235,0,8,1116
142042918,lean-delivery/ansible-role-hybris-bootstrap-node,0.0079,1.39,4,True,True,0.7353,0.17,8,749
139833681,lean-delivery/ansible-role-java,0.0137,2.04,3,True,True,0.9677,0.04,32,7553
149426990,lean-delivery/ansible-role-jenkins,0.1243,1.33,4,True,True,0.9121,0.55,10,3163
161757428,lean-delivery/ansible-role-jenkins-slave,0.0067,1.94,3,True,True,0.8571,0.68,3,1045
143075933,lean-delivery/ansible-role-mysql,0.0565,0.67,2,True,True,0.8571,0.52,5,1937
183440972,lean-delivery/ansible-role-solr-cluster,0.0097,11.6,4,True,True,0.8125,0,2,813
151056757,lean-delivery/ansible-role-solr-hybris-config,0.0144,0.92,5,True,True,0.8205,0.17,6,1095
142212182,lean-delivery/ansible-role-sonarqube,0.0413,3.77,2,True,True,0.7059,0.22,22,1206
167552318,lean-delivery/ansible-role-zookeeper,0.0016,1.1,3,True,True,0.9074,0,6,1221
125215889,lenovo/ansible-role-lxca-config,0.0932,0.88,2,False,True,0.8529,0,3,1742
125214935,lenovo/ansible-role-lxca-inventory,0.14,0.83,2,False,True,0.8,0.04,4,1100
125212958,lenovo/ansible.lenovo-lxca,0.302,4.82,3,False,True,0.4348,0.04,2,1299
127737971,lexa-uw/ansible-role-letsencrypt,0.0192,0.58,3,False,True,0.375,0,3,204
106801353,lexa-uw/docker-ansible,0,1.33,1,False,False,0,0,33,20
59626639,lfbear/ansible-api,0.1306,3.48,4,False,True,0,0,8,759
222430768,lgphone/ansible-k8s-manager,0.0209,0,1,False,True,0.378,0,3,935
190265689,libre-ops/metabase,0,1.18,2,False,True,0.8571,0.29,5,257
24493024,liip/drifter,0.0861,13.03,6,False,True,0.687,0.68,32,3735
79802979,likg/ansible-role-csf,0.0727,1.84,1,True,True,0.9048,0,14,459
94791639,lindahu1/ansible-common-base,0.0672,1.56,2,True,True,0.7895,0,2,680
90732536,linux-system-roles/firewall,0.2714,0.57,3,True,False,0.2821,0,3,1192
89694026,linux-system-roles/network,0.1121,9.71,3,True,True,0.6452,10.37,7,9062
155397698,linux-system-roles/sap-hana-preconfigure,0.2033,8.65,3,False,True,0.9342,0.71,2,1713
150624995,linux-system-roles/storage,0.1156,8.19,3,True,True,0.6306,7.04,7,5966
89498475,linux-system-roles/timesync,0.2302,2.19,5,True,False,0.5672,1.3,4,1465
204075787,locationlabs/ansible-role_cumulus,0.1181,2,1,False,True,0.7,0,3,381
89790220,logan2211/ansible-openvpn,0.2523,0.82,2,True,True,0.7812,0,2,812
35303865,louim/bedrock-site-protect,0.0197,0.62,4,False,False,0.75,0.09,4,149
107088645,lrk/ansible-role-flyway,0.2675,1.46,3,True,True,0.6786,0,5,682
105358023,lrk/ansible-role-sonarqube,0.3178,1.35,2,True,True,0.6957,0.16,9,395
102950292,lrk/ansible-role-tdagent,0.2115,1.15,2,True,False,0.6667,0,2,179
123821841,Luciditi/devbook,0.174,3.76,1,True,True,0.55,0.08,12,750
53529069,ludwig-gramberg/ansible-lxc-server,0.0235,4.36,1,False,False,0.8912,0,8,1663
173976784,lvps/389ds-server,0.0887,3.59,4,True,True,0.5417,0,2,1705
98467807,m4rcu5nl/ansible-role-zerotier,0.1272,2.78,2,True,True,0.7647,0.05,9,302
119022477,magenta-aps/OpenDESK,0.1594,45.22,7,False,True,0.0003,0.07,40,43942
236324756,mailcow/mailcow-integration-tests,0.0378,11.56,1,False,False,0.7867,0,8,3154
62733701,manala/manalize,0.2908,6.13,3,True,True,0.1866,0.88,18,2844
158687714,marcinbojko/linux_mint,0.0182,2.5,1,True,False,0.3333,0.08,32,2917
241389085,marcobellaccini/nanvault,0.1124,54,2,False,True,0.1429,0,2,869
81655822,markosamuli/ansible-aws-tools,0.0792,2.06,1,True,True,0.4783,0,4,1093
106191581,markosamuli/ansible-nvm,0.0586,3.03,1,True,True,0.4474,0,7,643
106179543,markosamuli/ansible-pyenv,0.06,7.69,1,True,True,0.4746,0.39,16,2101
23205345,mattfinlayson/ansible-consul,0.0105,10.87,17,False,True,0.5205,0.68,10,1130
153189733,mawalu/wireguard-private-networking,0.0186,2.2,2,False,True,0.6667,0.04,6,317
184284114,MeilleursAgents/terraform-provider-ansiblevault,0.0445,12.11,3,True,True,0.2128,0.89,7,1031
128184455,micado-scale/ansible-micado,0.0908,24.19,4,False,True,0.5759,0.1,10,7724
24385548,michaelrigart/ansible-role-interfaces,0.1217,1.64,4,True,True,0.8529,0.23,5,1111
30269524,migibert/orientdb-role,0.0013,1.49,3,False,True,0.5833,0,10,1484
30535568,migibert/stunnel-role,0.0212,0.31,4,False,True,0.8182,0.03,2,185
30474471,migibert/terraform-role,0.0219,0.44,2,False,True,0.7273,0,5,134
101293994,mimacom/ansible-role-bamboo,0.0836,2.72,2,True,True,0.75,0.09,4,252
63640766,MindPointGroup/RHEL7-STIG,0.06,10.17,4,True,True,0.4167,1.29,9,8790
125610493,mklettner/ansible-role-graylog-collector,0.3452,2.55,2,True,True,0.6429,0,5,698
86287291,MLTSHP/mltshp,0.1313,7.61,2,False,True,0.0069,8.23,2,21471
54410093,monome/ansible,0.0757,5.43,4,True,True,0.0196,0.09,15,10493
150551421,moshloop/ansible-provision,0.0696,12.77,1,True,False,0.3125,0,35,5311
76754655,mprahl/ansible-role-lets-encrypt-route-53,0.0043,1.33,2,False,False,0.625,0,14,466
40162123,mrlesmithjr/ansible-base,0.0584,1.22,1,True,True,0.619,0,3,936
39904806,mrlesmithjr/ansible-dnsmasq,0.0908,1.52,3,True,True,0.619,0.15,2,1181
85155543,mrlesmithjr/ansible-gitlab-runner,0.0667,0.68,1,True,True,0.6154,0,2,728
89368193,mrlesmithjr/ansible-k8s,0.1962,1.91,1,False,True,0.75,0.05,2,2122
45436148,mrlesmithjr/ansible-manage-lvm,0.0751,2,3,True,False,0.5476,0.59,6,924
89751137,mrlesmithjr/ansible-netdata,0.0937,2.43,3,True,True,0.6377,0.58,7,1393
129637254,mrlesmithjr/ansible-netplan,0.4313,1.41,3,True,False,0.5,0.17,2,182
97176096,mrlesmithjr/ansible-nginx-load-balancer,0.0569,0.91,1,True,True,0.6111,0,2,1077
120697318,mrlesmithjr/ansible-rpi-k8s-cluster,0.1504,4.79,1,False,True,0.7407,0.34,4,4049
39980110,mrlesmithjr/ansible-rsyslog,0.1297,0.79,4,True,True,0.6275,0.07,2,725
39902026,mrlesmithjr/ansible-rundeck,0.1775,1.38,4,True,True,0.7586,0.08,2,329
55463265,mrlesmithjr/ansible-shorewall,0.0717,1.26,2,True,True,0.6849,0.09,6,1127
20755256,mtchavez/ansible-influxdb,0.0324,2.59,3,True,True,0.5667,0.1,18,657
87953916,mwolff44/ansible-kamailio-mw,0.1369,2.39,2,True,True,0.5357,0.06,9,353
81999200,naftulikay/ansible-role-degoss,0.1792,2.16,2,True,True,0.3429,0.16,23,1150
98383822,naftulikay/ansible-role-rust-dev,0.0105,1.46,1,True,True,0.6765,0,15,376
49192168,napalm-automation/napalm-ansible,0.098,4.81,4,True,True,0.2526,0.05,9,1906
133087574,NationalSecurityAgency/datawave-muchos,0.1102,0.92,2,False,True,0.6329,0,2,1559
153739934,naturalis/ansible-opnsense,0.0621,9.23,1,False,False,0.9615,0.23,5,634
116499753,nbering/terraform-inventory,0.1438,4.12,1,False,True,0,0.03,8,649
144028994,ndlib/marble-blueprints,0.0961,24.52,6,False,True,0.0139,0.04,26,4714
82071885,neikei/vagrant-debian-ansible-lemp,0.1116,2.61,1,True,True,0.5429,0,2,581
113578874,NetApp/Ansible-with-Active-IQ-Unified-Manager,0.0519,3.07,1,False,True,0.3529,0,3,2921
41636424,netbootxyz/netboot.xyz,0.011,33.75,4,True,True,0.8239,0.76,30,3243
94484096,networktocode/fortimanager-ansible,0.3637,3.6,2,False,True,0.6269,0.17,2,19406
40731097,networktocode/ntc-ansible,0.1032,9.74,6,False,True,0.1818,0.67,4,1547
19436247,New-Edge-Engineering/ansible-rundeck,0.0258,1.57,3,True,True,0.617,0.01,19,1058
73430290,newrelic/infrastructure-agent-ansible,0.0015,2.43,6,True,True,0.5517,0.3,15,665
117019566,nginxinc/ansible-role-nginx,0.0622,10.21,2,True,True,0.8214,0,15,4117
232158899,nginxinc/ansible-role-nginx-controller-install,0.2279,3.67,2,False,True,0.5385,0,3,288
160497448,nicholasdille/ansible-k8s,0.0081,23.86,2,False,False,0.6562,1.27,2,1596
106175980,nishiki/ansible-role-bind,0,2.03,1,True,True,0.7083,0.07,6,616
81752841,nlesc-sherlock/emma,0.0439,22.03,2,False,True,0.6316,4.4,2,5270
31770375,Nosmoht/ansible-module-foreman,0.1441,7.42,4,False,False,0,0.11,9,3444
31433462,nusenu/ansible-relayor,0.1145,6.58,2,True,True,0.75,0.82,20,1461
184292578,NVIDIA/ansible-role-nvidia-docker,0.0305,2.2,3,False,False,0.6154,0,5,159
184292101,NVIDIA/ansible-role-nvidia-driver,0.0194,2.12,3,False,True,0.5333,0.21,5,202
134776948,NVIDIA/deepops,0.033,82.86,4,False,True,0.5166,2.1,6,68820
59304980,nwoetzel/ansible-role-eclipse,0.0928,3.37,3,True,True,0.3103,0.06,38,684
132769268,oasis-roles/rhsm,0.1698,2.25,2,True,True,0.6316,0,5,577
196756797,oatakan/packer-ansible-windows-2019,0.0028,1.2,1,False,False,0.2222,0,3,717
25257278,Oefenweb/ansible-adminer,0.0648,1.16,1,True,True,0.5,0.03,19,202
22949945,Oefenweb/ansible-apparmor,0.0714,1.29,1,True,True,0.5,0,35,182
22989278,Oefenweb/ansible-apt,0.0886,1.64,2,True,True,0.6111,0,47,329
40715393,Oefenweb/ansible-autossh-tunnel-client,0.052,1.28,1,True,True,0.6923,0,42,383
40715399,Oefenweb/ansible-autossh-tunnel-server,0.0628,1.17,1,True,True,0.5,0,35,209
34523727,Oefenweb/ansible-bash,0.0623,1.35,1,True,True,0.5882,0,40,256
56580841,Oefenweb/ansible-ca-certificates,0.0588,1.04,1,True,True,0.5556,0,34,272
44813153,Oefenweb/ansible-cacti-client,0.0658,1.11,1,True,True,0.5556,0,34,227
42240047,Oefenweb/ansible-conntrack,0.0538,1.14,1,True,True,0.5625,0,34,246
23106700,Oefenweb/ansible-cron-apt,0.0735,1.18,1,True,True,0.5625,0,36,189
56230032,Oefenweb/ansible-dnsmasq,0.045,1.07,1,True,True,0.5789,0,38,382
57890523,Oefenweb/ansible-dropbox,0.0537,1.16,1,True,True,0.5333,0,41,194
34898871,Oefenweb/ansible-duplicity,0.0687,1.37,1,True,True,0.65,0,4,312
34898916,Oefenweb/ansible-duply,0.0739,1.31,1,True,True,0.4706,0,41,188
34899008,Oefenweb/ansible-duply-backup,0.0444,1.6,1,True,True,0.6522,0,40,474
35945589,Oefenweb/ansible-haproxy,0.0322,4.63,5,True,True,0.7241,0.36,77,1113
46930551,Oefenweb/ansible-haproxyctl,0.0661,1.12,1,True,True,0.4706,0,33,212
75615818,Oefenweb/ansible-haveged,0.0664,0.96,1,True,True,0.5625,0,35,211
57888645,Oefenweb/ansible-hipchat,0.0625,1.09,1,True,True,0.5882,0,36,195
46119107,Oefenweb/ansible-hp-proliant-support-pack,0.1008,1.05,1,True,True,0.5294,0,34,214
23106782,Oefenweb/ansible-htop,0.0655,1.18,1,True,True,0.5,0,38,214
46117331,Oefenweb/ansible-innotop,0.0576,1.18,1,True,True,0.4706,0,35,229
32947581,Oefenweb/ansible-keepalived,0.0672,1.97,2,True,True,0.619,0,70,555
57887923,Oefenweb/ansible-komodo-ide,0.0571,1.2,1,True,True,0.4706,0.05,36,231
23185388,Oefenweb/ansible-locales,0.0495,1.4,1,True,True,0.5625,0.03,42,269
23106712,Oefenweb/ansible-logcheck,0.057,1.42,1,True,True,0.6667,0,39,248
41745820,Oefenweb/ansible-logrotated,0.0522,1.29,1,True,True,0.5625,0,35,254
55804299,Oefenweb/ansible-mailcatcher,0.0643,1.11,1,True,True,0.6667,0,39,320
55861345,Oefenweb/ansible-mailhog,0.0558,1.21,1,True,True,0.72,0,41,389
43747598,Oefenweb/ansible-mainwp-crons,0.0628,1.06,1,True,True,0.5294,0,34,224
46116976,Oefenweb/ansible-megacli,0.0636,1.2,1,True,True,0.5,0,35,206
49454803,Oefenweb/ansible-memtier-benchmark,0.0571,1.44,1,True,True,0.4706,0,40,231
33203316,Oefenweb/ansible-mimetex,0.0567,1.07,1,True,True,0.4706,0,35,233
25541509,Oefenweb/ansible-mydumper,0.0468,1.37,1,True,True,0.5294,0,40,326
35421213,Oefenweb/ansible-mydumper-backup,0.0602,1.52,2,True,True,0.5556,0,43,312
44813143,Oefenweb/ansible-nagios-client,0.059,1.2,1,True,True,0.6,0,36,287
48040741,Oefenweb/ansible-nagios-plugin-percona,0.0582,1.27,1,True,True,0.5556,0,33,259
47616638,Oefenweb/ansible-nagios-server,0.0468,1.7,2,True,True,0.7667,0,39,652
23106807,Oefenweb/ansible-nano,0.0578,1.37,1,True,True,0.5882,0,40,261
58362724,Oefenweb/ansible-netbeans-ide,0.1408,1.11,1,True,True,0.5,0.07,36,305
43364982,Oefenweb/ansible-netcat,0.0761,1.15,1,True,True,0.4706,0,35,182
58075186,Oefenweb/ansible-new-relic-servers,0.0625,1.05,1,True,True,0.6316,0,37,255
24429991,Oefenweb/ansible-nodejs,0.0694,1.35,1,True,True,0.5,0,43,268
24460625,Oefenweb/ansible-oracle-java,0.0677,1.14,1,True,True,0.5,0.08,37,234
39135576,Oefenweb/ansible-packer-io,0.0558,1.85,2,True,True,0.4706,0,61,237
87582626,Oefenweb/ansible-packer-template,0.0489,1.42,1,True,True,0.6923,0,37,506
41097875,Oefenweb/ansible-percona-client,0.0536,1.54,1,True,True,0.65,0.06,42,318
41423976,Oefenweb/ansible-percona-server,0.0333,2.12,2,True,True,0.7333,0.06,55,930
42239872,Oefenweb/ansible-percona-server-tools,0.0188,1.86,1,True,True,0.6087,0.03,43,1043
49513615,Oefenweb/ansible-percona-toolkit,0.0504,1.52,2,True,True,0.6957,0.02,38,358
23108005,Oefenweb/ansible-pflogsumm,0.0678,1.11,1,True,True,0.5882,0,34,220
60848742,Oefenweb/ansible-php-cli-ondrej,0.049,1.3,1,True,True,0.7308,0,48,466
39852868,Oefenweb/ansible-phpmemcachedadmin,0.054,1.12,1,True,True,0.55,0,36,298
24147792,Oefenweb/ansible-phpredis,0.0586,1.32,1,True,True,0.4706,0,38,225
40500769,Oefenweb/ansible-phpstorm,0.067,1.11,1,True,True,0.5,0,36,195
32950093,Oefenweb/ansible-pip,0.0705,1.24,1,True,True,0.5,0.03,39,211
23002245,Oefenweb/ansible-postfix,0.0237,3.2,5,True,True,0.619,0.54,77,659
39033748,Oefenweb/ansible-pycharm,0.0619,1.37,1,True,True,0.5,0.09,49,212
35838378,Oefenweb/ansible-r,0.0534,1.55,1,True,True,0.6667,0.18,51,372
67113360,Oefenweb/ansible-rc-local,0.0674,1.22,1,True,True,0.65,0,33,249
41743568,Oefenweb/ansible-rstudio,0.0728,1.43,1,True,True,0.619,0,46,242
41743297,Oefenweb/ansible-rstudio-server,0.0694,1.6,1,True,True,0.7083,0,47,295
41084973,Oefenweb/ansible-rsync-sync,0.0395,1.3,1,True,True,0.5882,0,39,340
46787880,Oefenweb/ansible-rsyslog,0.1308,1.48,1,True,True,0.5882,0,39,339
23106799,Oefenweb/ansible-screen,0.0658,1.17,1,True,True,0.5625,0,37,213
69558458,Oefenweb/ansible-slack,0.0708,1.82,1,True,True,0.5,0,69,197
23419940,Oefenweb/ansible-snmpd,0.0627,1.55,2,True,True,0.5556,0,44,299
46930355,Oefenweb/ansible-socat,0.0503,1.22,1,True,True,0.5,0,34,283
37679713,Oefenweb/ansible-ssh-client,0.0466,1.49,1,True,True,0.5294,0,39,307
37533162,Oefenweb/ansible-ssh-keys,0.0512,1.95,2,True,True,0.6667,0.05,43,445
23106819,Oefenweb/ansible-ssh-server,0.0418,1.57,1,True,True,0.5625,0,39,344
41148374,Oefenweb/ansible-sudoers,0.0551,1.43,2,True,True,0.7407,0,37,429
32947512,Oefenweb/ansible-supervisor,0.0434,2.31,3,True,True,0.75,0.07,55,485
43758513,Oefenweb/ansible-sysctl,0.0711,1.15,1,True,True,0.5,0,35,183
131971602,Oefenweb/ansible-tinyproxy,0.0526,1.2,1,True,True,0.6818,0.03,3,396
23959664,Oefenweb/ansible-top,0.0642,1.16,1,True,True,0.5,0.03,36,204
48379254,Oefenweb/ansible-tsocks,0.0649,1.19,1,True,True,0.5625,0,34,216
56845762,Oefenweb/ansible-twisted-connect-proxy,0.0495,1.18,1,True,True,0.7308,0,44,403
23613931,Oefenweb/ansible-ufw,0.0495,1.81,1,True,True,0.65,0.27,40,346
27940629,Oefenweb/ansible-updatedb,0.06,1.15,1,True,True,0.5625,0,34,235
39016868,Oefenweb/ansible-user,0.0631,1.22,1,True,True,0.5789,0.08,36,297
38998961,Oefenweb/ansible-vagrant,0.0728,1.57,1,True,True,0.4706,0,61,191
23106768,Oefenweb/ansible-vim,0.0873,1.24,1,True,True,0.5625,0.04,36,230
39002771,Oefenweb/ansible-virtualbox,0.0696,1.31,1,True,True,0.5556,0.03,41,214
39096032,Oefenweb/ansible-virtualenv,0.0756,1.28,1,True,True,0.5,0,37,208
29490487,Oefenweb/ansible-wordpress,0.0471,2.64,2,True,True,0.6429,0.81,54,849
49454869,Oefenweb/ansible-xxhash,0.0574,1.22,1,True,True,0.4706,0,41,230
79816780,Oefenweb/ansible-yarn,0.0706,1.17,1,True,True,0.6,0.11,38,250
39449230,Oefenweb/ansible-zend-opcache-dashboards,0.0633,1.11,1,True,True,0.5,0,34,207
150433080,onaio/ansible-django,0.0232,3.39,4,False,True,0.7317,0.09,6,799
151249319,onaio/ansible-react,0.0221,3.76,2,False,False,0.6111,0.2,2,399
123200300,onegreyonewhite/package_installer,0.0044,1.09,2,False,True,0.6667,0,6,228
100494137,open-io/ansible-role-openio-netdata,0.2162,3.82,2,True,True,0.4737,0,5,348
24183121,OpenConext/OpenConext-deploy,0.0275,48.06,5,True,True,0.7537,0.04,280,10691
54725387,opendevshop/ansible-role-aegir-apache,0.2565,1.67,1,True,False,0.9167,0,12,200
33248916,opendevshop/ansible-role-aegir-user,0.1574,1.85,1,True,False,0.9167,0,20,289
133722058,openfun/arnold,0.14,23.55,4,False,True,0.8635,6.6,59,5929
196330235,openinfradev/tacoplay,0.0638,48.17,11,False,True,0.7277,0,2,6133
54225669,openshift/openshift-ansible-contrib,0.0859,25.08,9,True,True,0.6385,2.14,5,33927
73831397,openstack/kolla-ansible,0.0697,156.75,27,False,True,0.9066,0,0,56259
27195864,openstack/openstack-ansible,0.1267,91.95,16,False,True,0.7974,0,323,45852
52862885,openstack/openstack-ansible-os_neutron,0.2056,16.64,16,False,True,0.7056,0,126,5515
52862896,openstack/openstack-ansible-os_nova,0.2477,17,16,False,True,0.7273,0,126,3644
47761730,openstack/openstack-ansible-rabbitmq_server,0.3839,7.69,13,False,True,0.6354,0,0,1656
55234238,openstack/tripleo-quickstart,0.1267,49.43,15,False,True,0.7632,0,0,17329
73192844,openstack/tripleo-quickstart-extras,0.0697,58.43,16,False,True,0.8161,0,0,14491
59615202,openstack/tripleo-validations,0.1644,17.72,12,False,True,0.6828,0,70,11895
47001649,openstax/cnx-deploy,0.0914,41.18,10,True,False,0.5167,0.03,247,9330
51141789,openwisp/ansible-openwisp2,0.079,6.46,3,True,True,0.6222,3.02,33,1492
74664316,openwisp/ansible-openwisp2-imagegenerator,0.1113,1.98,2,False,True,0.4,0.33,12,551
122879269,orachide/ansible-role-springboot,0.0207,2.1,1,True,False,0.7317,0,7,995
138123105,oracle/oci-ansible-modules,0.044,1.81,5,False,True,0.1581,2.28,20,166494
23215874,oravirt/ansible-oracle,0.178,9.58,2,False,True,0.8942,0.49,19,7558
87416419,oVirt/ovirt-ansible,0.1241,4.97,3,True,True,0.4167,0.5,19,466
110122273,oVirt/ovirt-ansible-cluster-upgrade,0.0753,2.74,3,True,True,0.3846,0,16,553
114266564,oVirt/ovirt-ansible-disaster-recovery,0.0611,7.74,4,True,True,0.5902,0.03,11,2798
112223620,oVirt/ovirt-ansible-engine-setup,0.0989,3.57,3,True,True,0.6122,0.26,13,592
142121821,oVirt/ovirt-ansible-hosted-engine-setup,0.0342,15.15,3,False,True,0.7529,1.96,33,3781
110139999,oVirt/ovirt-ansible-image-template,0.0757,2.65,3,True,True,0.4231,0.15,15,684
110126654,oVirt/ovirt-ansible-infra,0.049,2.81,3,True,True,0.5667,0.14,16,1901
110140135,oVirt/ovirt-ansible-manageiq,0.0835,3.41,2,True,True,0.5333,0.12,16,900
112223972,oVirt/ovirt-ansible-repositories,0.0911,2.24,3,True,True,0.6316,0.09,8,419
142292400,oVirt/ovirt-ansible-shutdown-env,0.0841,2.84,2,True,True,0.3043,0.52,4,414
110140373,oVirt/ovirt-ansible-vm-infra,0.077,4.32,3,True,True,0.5172,0.06,24,983
36015080,ownport/portable-ansible,0.1277,1.52,2,False,True,0.1,0.03,15,410
29692434,PaloAltoNetworks/ansible-pan,0.0476,11.37,4,True,True,0.3865,0.44,35,53433
238510689,PaloAltoNetworks/pan-os-ansible,0.1585,34,2,False,True,0.225,5.33,5,11844
159572371,Pandemonium1986/ansible-role-ohmyzsh,0.0409,1.59,2,False,True,0.75,0,6,305
107425814,paralect/ansible-drone,0.0033,1.29,4,False,True,0.4,0.06,4,4850
239170234,patrickjahns/ansible-role-promtail,0.0314,9,2,True,True,0.6296,0.22,3,586
42228479,pearofducks/ansible-vim,0.2326,1.4,2,False,True,0,0.16,5,495
243250500,perguth/chromeos-playbook,0.0229,15.8,1,False,True,0.1667,0.33,3,213
82041141,personium/ansible,0.3584,4.4,4,False,True,0.5637,1,16,3872
92480793,peshay/tpmstore,0.0276,3.15,2,True,True,0.0909,0.83,7,1268
250416150,PGBlitz/PGBlitz.com,0.0928,863.88,2,False,True,0.1864,0,589,6937
73228924,pgkehle/ansible-mongodb,0.0037,1.91,2,True,True,0.8276,0.02,13,539
74478694,pgkehle/ansible-oracle-client,0.0061,1.31,3,True,True,0.6111,0,16,491
74381859,pgkehle/ansible-pm2,0.0065,1.11,3,True,True,0.5,0,2,154
16358091,phansible/phansible,0.0292,7.87,10,True,True,0.1377,3.44,10,7022
74197456,pingcap/tidb-ansible,0.0285,26.09,4,False,True,0.8285,1.96,46,98050
24197449,plone/ansible-playbook,0.0973,8.06,2,False,False,0.6,0.77,34,3982
26663627,plone/ansible.plone_server,0.1011,5.91,2,True,True,0.5625,0.12,45,1743
88160552,Polyconseil/ansibilo,0.1283,1.21,1,True,True,0.0256,0,5,700
103666308,pulp/ansible-pulp,0.0884,22.97,7,True,True,0.6656,2.08,8,7083
113226628,pulp/pulp_ansible,0.1418,18.55,6,True,True,0.0465,0.36,17,9312
181504322,pulp/pulp_rpm_prerequisites,0.1572,9,3,False,True,0.5417,0,2,343
203809652,Pure-Storage-Ansible/FlashArray-Collection,0.0551,19.53,2,False,True,0.2133,0.73,2,7063
173498378,PyratLabs/ansible-role-k3s,0.0505,7.65,2,True,True,0.8617,0.95,36,1995
200521266,Qubinode/swygue.edge_host_setup,0.1132,11,3,False,False,0.76,0.83,2,721
26735284,queeno/ansible-uchiwa,0.3294,0.61,5,True,False,0.7647,0,5,226
119756542,radekg/terraform-provisioner-ansible,0.0898,6.06,2,False,True,0.1515,0.97,12,4255
117596690,rak8s/rak8s,0.1094,2.07,2,False,True,0.4643,0.94,10,798
168851231,ramonesc3po/ansible-role-pc-setup,0.1185,3,2,True,False,0.8261,0,2,372
182588475,rastating/shiva,0.0864,12.43,1,False,True,0.4966,0,4,4136
21044547,rcbops/openstack-ops,0.1265,5.68,3,True,True,0.6111,0.01,8,6872
77808569,reallyenglish/ansible-role-postfix,0.07,2.58,2,True,True,0.3913,0.21,5,1767
70272278,redhat-cop/casl-ansible,0.1846,7.2,6,False,True,0.7106,6.53,23,8359
88211051,redhat-cop/infra-ansible,0.0478,9.2,4,False,True,0.7191,2.26,16,20001
124432181,redhat-cop/openshift-applier,0.0441,3.61,5,True,True,0.6279,6.5,17,2124
108291509,redhat-cop/pipeline-library,0.0262,4.88,3,False,True,0.1917,1.53,6,2603
82108875,redhat-nfvpe/kube-ansible,0.069,9.63,5,True,True,0.7816,4.29,20,2023
77040099,redhat-openstack/ansible-pacemaker,0.3218,0.62,5,False,True,0,0,5,866
51534449,redhat-openstack/infrared,0.0662,112.4,17,False,True,0.825,1.26,145,45416
119304610,RedHatOfficial/ansible-cloud_utils,0.0044,0.96,2,False,True,0.6667,0,4,456
120324124,RedHatOfficial/ansible-redhat_cloudforms,0.0292,1.63,3,False,True,0.8286,0,9,1232
119426809,RedHatOfficial/ansible-redhat_openshift_utils,0.1487,2.52,2,False,True,0.875,0.16,9,2009
136064711,RedHatOfficial/ansible-role-rhel7-c2s,0.0003,1.67,2,True,False,0.7222,0.25,10,14720
149675364,RedHatOfficial/ansible-role-rhel7-cjis,0.0004,1.39,1,True,False,0.7222,0,8,10291
136064392,RedHatOfficial/ansible-role-rhel7-cui,0.0007,1.53,2,True,False,0.7222,0,10,5955
136064587,RedHatOfficial/ansible-role-rhel7-hipaa,0.0053,1.23,2,True,False,0.7353,0,10,17552
136064307,RedHatOfficial/ansible-role-rhel7-ospp,0.0007,1.21,1,True,False,0.7222,0,10,5972
136063776,RedHatOfficial/ansible-role-rhel7-pci-dss,0.0004,2.03,2,True,False,0.7222,0.07,10,10052
136064170,RedHatOfficial/ansible-role-rhel7-rht-ccp,0.0013,1.67,2,True,False,0.7222,0,10,3052
136064066,RedHatOfficial/ansible-role-rhel7-stig,0.0002,1.53,2,True,False,0.7222,0,10,17482
186077169,RedHatOfficial/ansible-role-rhel8-cjis,0.0003,1.67,2,False,False,0.75,0,4,9912
186077172,RedHatOfficial/ansible-role-rhel8-cui,0.0004,1.53,2,False,False,0.75,0,4,7742
186077175,RedHatOfficial/ansible-role-rhel8-hipaa,0.0002,1.53,2,False,False,0.75,0,4,16530
186077177,RedHatOfficial/ansible-role-rhel8-ospp,0.0004,1.53,2,False,False,0.75,0,4,7739
186077178,RedHatOfficial/ansible-role-rhel8-pci-dss,0.0002,1.6,2,False,False,0.75,0,4,13720
186077179,RedHatOfficial/ansible-role-rhel8-rht-ccp,0.001,1.47,2,False,False,0.75,0,4,2888
187288521,RedHatOfficial/ansible-role-rhv4-rhvh-stig,0.0001,1.8,1,False,False,0.75,0,4,23192
187288524,RedHatOfficial/ansible-role-rhv4-rhvh-vpp,0.0002,1.67,1,False,False,0.75,0,4,13985
155595656,redirectionio/ansible-libnginx-mod-redirectionio,0.0469,0.52,2,False,True,0.625,0,3,122
136024146,redirectionio/ansible-redirectionio-agent,0.068,0.86,2,False,True,0.6667,0,6,233
121444859,ReinerNippes/nextcloud,0.7582,10.47,2,False,True,0.7594,0.42,3,4843
153528208,rembik/ansible-role-kickstart-iso,0.049,7,1,True,True,0.6923,0,11,738
58498340,repleo/ansible-role-bounca,0.0609,0.91,1,True,True,0.5,0,2,216
88057051,ReSearchITEng/kubeadm-playbook,0.2606,9.83,2,False,True,0.8061,0.7,23,3567
51320432,Restless-ET/ansible-role-aws-scripts-mon,0.4684,0.12,1,True,True,0.75,0,2,126
61288349,rhevm-qe-automation/ovirt-ansible,0.0595,3.33,6,True,True,0.7253,1.21,9,2181
65276738,riemers/ansible-gitlab-runner,0.0665,4.09,16,True,True,0.8718,0.82,43,2021
225793114,robertdebock/ansible-generator,0.0299,11.55,1,False,False,0.6818,0,5,486
185581338,robertdebock/ansible-role-alternatives,0.049,9.89,1,True,True,0.6087,0,24,408
169107947,robertdebock/ansible-role-anaconda,0.0361,9.24,1,True,True,0.625,0,27,480
163726734,robertdebock/ansible-role-ansible,0.0275,8.32,1,True,True,0.6087,0,27,425
163727273,robertdebock/ansible-role-ansible_lint,0.0322,7.73,1,True,True,0.5714,0,25,331
159449839,robertdebock/ansible-role-apt_autostart,0.0353,6.83,1,True,True,0.5714,0,27,328
127522588,robertdebock/ansible-role-ara,0.0508,9.5,1,True,True,0.625,0,38,467
148774920,robertdebock/ansible-role-artifactory,0.0397,8.46,1,True,True,0.6538,0,34,484
135390021,robertdebock/ansible-role-at,0.0294,6.77,1,True,True,0.5263,0,32,330
167784704,robertdebock/ansible-role-atom,0.037,8.95,1,True,True,0.6087,0,28,417
192550138,robertdebock/ansible-role-auditd,0.0157,10.53,1,True,True,0.6296,0,26,816
145085619,robertdebock/ansible-role-awx,0.0865,8.6,1,True,True,0.6562,0,27,676
149504670,robertdebock/ansible-role-backup,0.0485,8.58,1,True,True,0.5172,0,32,490
109171857,robertdebock/ansible-role-bootstrap,0.0419,22.86,2,True,True,0.5909,0,83,480
111569442,robertdebock/ansible-role-buildtools,0.0267,8.89,1,True,True,0.5714,0,44,401
161813233,robertdebock/ansible-role-ca,0.05,10.04,1,True,True,0.6786,0,30,969
140233603,robertdebock/ansible-role-cargo,0.0359,7.18,1,True,True,0.5909,0,32,376
119882413,robertdebock/ansible-role-clamav,0.0292,10.44,1,True,True,0.6,0,32,598
147652888,robertdebock/ansible-role-cloud9,0.0347,7.94,1,True,True,0.5417,0,17,473
132091002,robertdebock/ansible-role-cntlm,0.0395,9.33,1,True,True,0.6538,0,34,608
146618881,robertdebock/ansible-role-common,0.0402,8.96,1,True,True,0.5926,0,46,477
178149770,robertdebock/ansible-role-cron,0.029,9,1,True,True,0.6087,0,21,536
160874388,robertdebock/ansible-role-cve_2018_19788,0.0299,7.43,1,True,True,0.5263,0,3,325
110260169,robertdebock/ansible-role-dhcpd,0.0348,9,1,True,True,0.6667,0,30,555
130964767,robertdebock/ansible-role-digitalocean-agent,0.0295,7.19,1,True,True,0.5417,0,26,395
110402034,robertdebock/ansible-role-dns,0.079,10.78,1,True,True,0.6538,0,34,781
109176509,robertdebock/ansible-role-docker,0.0299,12.22,1,True,True,0.5909,0,29,390
170192839,robertdebock/ansible-role-docker_ce,0.0326,8.38,1,True,True,0.5652,0,22,415
115307282,robertdebock/ansible-role-dovecot,0.031,7.34,1,True,True,0.6087,0.03,34,469
199990909,robertdebock/ansible-role-dsvpn,0.0378,11.2,1,True,True,0.64,0,15,509
189348423,robertdebock/ansible-role-earlyoom,0.0281,9,1,True,True,0.64,0,19,449
184195094,robertdebock/ansible-role-environment,0.0291,8.28,1,True,True,0.5263,0,21,334
109172736,robertdebock/ansible-role-epel,0.0368,7.38,1,True,True,0.5714,0,34,314
173532208,robertdebock/ansible-role-etherpad,0.0308,7.25,1,True,True,0.6154,0,19,409
233003140,robertdebock/ansible-role-facts,0.0627,8.4,1,True,True,0.5833,0,4,389
115387247,robertdebock/ansible-role-fail2ban,0.0348,7.31,1,True,True,0.625,0,30,554
146616413,robertdebock/ansible-role-firewall,0.0408,9.78,1,True,True,0.6154,0,34,635
160834979,robertdebock/ansible-role-git,0.0579,8.83,1,True,True,0.6087,0,31,521
187905347,robertdebock/ansible-role-gitlab_runner,0.036,9.06,1,True,True,0.6154,0,15,509
147027698,robertdebock/ansible-role-glusterfs,0.0455,7.74,1,True,True,0.5769,0,26,524
160809018,robertdebock/ansible-role-go,0.0317,9,1,True,True,0.625,0,24,458
138681063,robertdebock/ansible-role-gotop,0.0361,6.59,1,True,True,0.5909,0,26,374
144106974,robertdebock/ansible-role-haproxy,0.0267,7.78,1,True,True,0.625,0,29,619
118868794,robertdebock/ansible-role-haveged,0.0333,6.76,1,True,True,0.625,0.18,29,377
201195502,robertdebock/ansible-role-hostname,0.0378,10.13,1,True,True,0.625,0,15,382
110265290,robertdebock/ansible-role-httpd,0.0339,12.58,1,True,True,0.7429,0,42,742
162085440,robertdebock/ansible-role-investigate,0.0297,7.17,1,True,True,0.55,0,26,359
152694725,robertdebock/ansible-role-irslackd,0.0334,7.32,1,True,True,0.625,0,28,492
113868272,robertdebock/ansible-role-java,0.0491,12.03,1,True,True,0.6087,0,32,639
148114136,robertdebock/ansible-role-jenkins,0.0353,6.62,1,True,True,0.6154,0,28,410
177077508,robertdebock/ansible-role-kernel,0.0284,8.6,1,True,True,0.6,0,19,514
204902986,robertdebock/ansible-role-kubectl,0.0314,9,1,True,True,0.55,0,13,339
164001195,robertdebock/ansible-role-locale,0.0286,7.82,1,True,True,0.6,0,20,510
177800530,robertdebock/ansible-role-logrotate,0.0338,7.89,1,True,True,0.6,0,19,457
178068560,robertdebock/ansible-role-logwatch,0.0394,7.32,1,True,True,0.6,0,18,415
162244659,robertdebock/ansible-role-lynis,0.0396,7.61,1,True,True,0.625,0,21,437
148877272,robertdebock/ansible-role-mediawiki,0.0341,7.77,1,True,True,0.625,0.08,29,510
150013748,robertdebock/ansible-role-memcached,0.0406,6.46,1,True,True,0.6857,0,25,425
140522455,robertdebock/ansible-role-mitogen,0.027,6.86,1,True,True,0.5652,0,27,432
163727750,robertdebock/ansible-role-molecule,0.0377,7.59,1,True,True,0.6087,0,21,383
123172514,robertdebock/ansible-role-mssql,0.0578,9.72,1,True,True,0.64,0,26,571
115251830,robertdebock/ansible-role-mysql,0.0296,11,1,True,True,0.64,0,38,557
110590317,robertdebock/ansible-role-natrouter,0.0351,7.33,1,True,True,0.5714,0,29,412
109929275,robertdebock/ansible-role-nginx,0.0333,8.22,1,True,True,0.6538,0,28,407
109174000,robertdebock/ansible-role-npm,0.0337,9.19,1,True,True,0.6087,0,30,430
122300927,robertdebock/ansible-role-ntp,0.0377,8.48,1,True,True,0.6667,0,34,587
154609121,robertdebock/ansible-role-openssh,0.0177,8.96,1,True,True,0.6774,0,27,945
150690699,robertdebock/ansible-role-openvas,0.0717,8.28,1,True,True,0.5217,0,22,544
170817798,robertdebock/ansible-role-openvpn,0.0304,7.86,1,True,True,0.5714,0.1,5,446
136366796,robertdebock/ansible-role-owncloud,0.0291,10.52,1,True,True,0.64,0,22,667
140752682,robertdebock/ansible-role-packer,0.0317,6.11,1,True,True,0.5909,0,27,366
119184913,robertdebock/ansible-role-php,0.0265,8.03,1,True,True,0.625,0,29,587
157482533,robertdebock/ansible-role-php_fpm,0.0298,7.25,1,True,True,0.5926,0,22,554
119340665,robertdebock/ansible-role-phpmyadmin,0.0344,9.36,1,True,True,0.64,0,28,562
115284391,robertdebock/ansible-role-postfix,0.072,8.57,1,True,True,0.6296,0,33,632
197776591,robertdebock/ansible-role-postgres,0.0184,10.75,1,True,True,0.6154,0,12,694
180009033,robertdebock/ansible-role-powertop,0.0294,6.68,1,True,True,0.5714,0,18,363
109175089,robertdebock/ansible-role-python_pip,0.0366,12.31,1,True,True,0.6087,0,42,448
153056992,robertdebock/ansible-role-reboot,0.0366,8.36,1,True,True,0.6087,0,35,447
150932302,robertdebock/ansible-role-redis,0.0275,7.96,1,True,True,0.6667,0,34,425
117239255,robertdebock/ansible-role-release,0.0492,6.88,1,True,True,0.4909,0,29,2573
196866482,robertdebock/ansible-role-remi,0.0325,9.69,1,True,True,0.625,0,16,387
149559027,robertdebock/ansible-role-restore,0.0491,7.69,1,True,True,0.12,0,24,562
109175576,robertdebock/ansible-role-revealmd,0.0389,8.94,1,True,True,0.5833,0,21,420
128159659,robertdebock/ansible-role-roundcubemail,0.0323,9.45,1,True,True,0.6296,0,28,599
115393489,robertdebock/ansible-role-rsyslog,0.0652,7.23,1,True,True,0.6538,0,29,502
110834905,robertdebock/ansible-role-ruby,0.0319,6.94,1,True,True,0.55,0,28,334
114810589,robertdebock/ansible-role-rundeck,0.0567,10.17,1,True,True,0.6786,0,34,716
111432989,robertdebock/ansible-role-scl,0.0284,5.94,1,True,True,0.55,0,26,342
153081538,robertdebock/ansible-role-selinux,0.0443,7.96,1,True,True,0.625,0.16,34,496
171728602,robertdebock/ansible-role-service,0.0515,10.52,1,True,True,0.6154,0,34,663
144763713,robertdebock/ansible-role-skeleton,0.0385,5.22,1,True,True,0.72,0,39,75
156494511,robertdebock/ansible-role-snort,0.031,7.68,1,True,True,0.64,0,20,407
116292624,robertdebock/ansible-role-spamassassin,0.0297,7.24,1,True,True,0.6296,0,29,457
163620169,robertdebock/ansible-role-squid,0.1244,10.36,1,True,True,0.6,0,25,570
172780207,robertdebock/ansible-role-storage,0.061,8.3,1,True,True,0.6786,0,20,785
185619219,robertdebock/ansible-role-stratis,0.0516,8,1,True,True,0.5909,0,17,441
196795131,robertdebock/ansible-role-subversion,0.032,8.31,1,True,True,0.5909,0,13,363
133569478,robertdebock/ansible-role-sudo-pair,0.0361,8.7,1,True,True,0.64,0,26,508
198961147,robertdebock/ansible-role-sysctl,0.0366,9.33,1,True,True,0.6087,0,16,395
134515017,robertdebock/ansible-role-terraform,0.0347,6.47,1,True,True,0.625,0,27,390
110265085,robertdebock/ansible-role-tftpd,0.0323,7.86,1,True,True,0.625,0,24,390
115107997,robertdebock/ansible-role-tomcat,0.0288,10.77,1,True,True,0.7,0.09,43,978
163733085,robertdebock/ansible-role-travis,0.0302,7.14,1,True,True,0.5714,0,22,353
198646854,robertdebock/ansible-role-ulimit,0.0352,9.33,1,True,True,0.6087,0,14,439
112243090,robertdebock/ansible-role-update,0.0359,8.92,1,True,True,0.6087,0,33,483
196833440,robertdebock/ansible-role-update_package_cache,0.0289,7.69,1,True,True,0.5263,0,14,336
146475559,robertdebock/ansible-role-users,0.0197,9.46,1,True,True,0.5294,0,42,845
165272807,robertdebock/ansible-role-vagrant,0.0323,8.5,1,True,True,0.6087,0,24,420
110282796,robertdebock/ansible-role-xinetd,0.0307,6.89,1,True,True,0.5714,0,28,347
180502565,robertdebock/ansible-role-y,0.0381,7.89,1,True,True,0.56,0,6,454
118034177,robertdebock/ansible-role-zabbix,0.0445,11.48,1,True,True,0.5769,0,28,773
162598912,robertdebock/ansible-role-zabbix_agent,0.0358,7.57,1,True,True,0.6154,0,20,458
162869649,robertdebock/ansible-role-zabbix_proxy,0.0301,7.26,1,True,True,0.6154,0,18,451
162596850,robertdebock/ansible-role-zabbix_repository,0.0359,7.39,1,True,True,0.64,0,25,430
162628011,robertdebock/ansible-role-zabbix_server,0.0327,8.83,1,True,True,0.5926,0,25,532
162672461,robertdebock/ansible-role-zabbix_web,0.0436,8.87,1,True,True,0.6154,0,19,592
229380766,robertdebock/galaxy-action,0,1.1,1,False,False,0.5,0,5,82
229093006,robertdebock/molecule-action,0,7.11,1,False,False,0.5,0,21,118
47841554,RocketChat/Rocket.Chat.Ansible,0.0448,4.55,2,True,True,0.6739,0.64,13,1237
47439383,rocknsm/rock,0.1144,14.23,5,False,True,0.6056,3.62,20,5411
18852165,roots/trellis,0.0587,19.04,4,False,True,0.7232,2.71,22,3878
106463810,rubrikinc/rubrik-modules-for-ansible,0.0656,13.5,5,False,True,0.0182,1.68,2,6568
19408536,rvm/rvm1-ansible,0.0627,3.23,6,True,True,0.3548,1.95,34,732
81905926,ryandaniels/ansible-role-create-users,0.1175,1.41,3,True,True,0.6,0,2,586
50594414,sansible/php,0.018,0.76,4,True,True,0.7188,0,32,600
219513091,saubermacherag/ansible-playbook-docker-action,0.0359,2.78,2,False,False,0.5,0,4,215
67062155,savoirfairelinux/ansible-nexus3-oss,0.0289,5.08,5,False,True,0.5119,1.45,11,2416
129796960,sbaerlocher/ansible.domain-membership,0.1193,0.52,1,True,True,0.8333,0,2,155
192226958,sbaerlocher/ansible.wmi_exporter,0.1036,2.5,2,True,False,0.8889,0,5,277
135566897,sbaudoin/sonar-ansible,0.1769,3.72,1,True,True,0.1058,0.77,5,2959
151876114,scadu/ansible-workstation,0.0679,12.6,2,True,True,0.7647,0,6,782
109268416,searchmetrics/ansible-role-docker-clickhouse,0.0418,2.52,2,True,True,0.6552,0,7,710
30851976,sensu-plugins/sensu-plugins-ansible,0.1691,1.69,4,True,True,0.1429,0.05,10,231
35729277,sensu/sensu-ansible,0.0425,8.77,4,True,True,0.7903,0.23,21,3781
200072543,sensu/sensu-go-ansible,0.0398,18.26,5,False,False,0.3828,1.47,16,13292
18191680,servergrove/ansible-symfony2,0.1976,1.5,5,True,True,0.8333,0.07,11,609
183926218,shadowguardian507-irl/playbook-pack-init,0.0501,5.8,2,False,True,0.1364,0.1,2,1100
60085496,SimpliField/ansible-rabbitmq,0.0388,0.36,2,True,False,0.7,0,7,223
104314535,sitewards/ansible-role-lets-encrypt,0.332,1.04,4,False,False,0.7222,0,3,328
114776774,sitewards/ansible-role-magento-2,0.3479,1.52,3,False,True,0.875,0,9,461
156169984,sjqzhang/ops_channel,0,2.24,1,False,False,0,0,4,5
236051882,sky-uk/clusterverse,0.0958,3.38,3,False,True,0.7614,0.67,10,2671
220266246,Smile-SA/ansible-vault-manager,0.0227,4.71,1,False,False,0,0,3,604
125180845,snowdrop/k8s-infra,0.0831,47,2,False,False,0.752,1.37,7,7407
150246845,SoftwareForScience/jiskefet-deploy,0.0429,21.92,3,False,True,0.3968,0,5,7391
46844291,solita/ansible-role-solita.jenkins,0.0734,3,2,False,True,0.3684,0.07,10,896
126203533,solutionDrive/docker-aws-packer-ansible,0.0829,4.5,3,True,True,0.1111,0,2,166
83342847,spk83/ansible-gitlab-config,0.4208,0.56,2,True,True,0.7333,0,3,212
148547478,splunk/splunk-ansible,0.0511,50.81,5,False,False,0.7978,1.27,20,10194
140813894,spottmedia/ansible-ssh-login-notifications,0.083,2,2,True,True,0.55,0.07,9,409
61387934,SpringerPE/bosh-ansible-inventory,0.122,0.9,1,False,True,0,0,9,432
45568524,stackbuilders/sb-debian-base,0.0096,3.08,4,True,True,0.6176,0.33,33,930
141720277,stackhpc/ansible-role-beegfs,0.0424,10.24,3,True,False,0.7143,0.12,9,1175
97966471,stackhpc/ansible-role-cluster-infra,0.0389,2.64,4,True,True,0.8824,0,9,1408
166386817,stackhpc/ansible-role-cluster-nfs,0.0904,2.31,4,True,True,0.6667,0,2,151
136032947,stackhpc/ansible-role-dell-powerconnect-switch,0.0854,1.59,4,True,True,0.6,0,3,182
113179788,stackhpc/ansible-role-libvirt-host,0.1426,2.35,5,True,False,0.9091,0.32,12,493
113180256,stackhpc/ansible-role-libvirt-vm,0.1543,4.4,6,True,False,0.7895,0.37,16,652
162147868,stackhpc/ansible-role-openhpc,0.0402,3.87,3,True,True,0.6136,1.39,5,930
91483476,stackhpc/ansible-role-os-flavors,0.2101,0.45,2,True,True,0.5556,0,2,109
91701346,stackhpc/ansible-role-os-images,0.1393,2.58,4,True,True,0.5556,0.1,10,383
91483810,stackhpc/ansible-role-os-networks,0.2333,1.35,3,True,True,0.5556,0,6,276
87464804,stackhpc/ansible-role-os-openstackclient,0.0988,0.71,2,True,True,0.6364,0,6,155
87464592,stackhpc/ansible-role-os-shade,0.1018,0.63,2,True,True,0.7,0,6,150
76951710,stackhpc/drac,0.1728,0.74,3,True,False,0.5,0.11,8,1680
35403824,StackStorm/ansible-st2,0.058,13.5,6,True,True,0.9057,1.94,39,2487
214417322,STEAMULO/ansible-role-steamengine,0.0207,5.05,2,True,True,0.8507,0,7,1422
51383678,STEAMULO/ansible-role-tomcat7,0.3945,0.39,2,False,False,0.4545,0,15,241
62782766,stefangweichinger/ansible-rclone,0.0122,3.04,2,True,False,0.7692,0.02,13,406
64954128,stellar/go,0.1597,49.67,3,False,True,0.0051,24.83,88,118238
127802722,StephenSorriaux/ansible-kafka-admin,0.1271,1.8,2,True,True,0.2963,1.23,10,2377
95896053,stone-payments/ansible-rabbitmq,0.046,5.24,5,False,True,0.6667,0.07,7,1328
26865033,Stouts/Stouts.openvpn,0.1397,3.96,5,True,True,0.8871,1.07,20,985
87827383,stuvusIT/sympa,0.0397,1.21,3,False,True,0.7692,0.1,2,580
40607624,systemli/ansible-role-etherpad,0.0296,1.89,4,False,True,0.7778,0.02,4,459
196591609,Talend/ansible-talend-platform,0.1544,1.69,2,False,True,0.7987,0.08,2,7478
147340550,Tecnativa/ansible-role-hetzner-rescue-installimage,0.1364,1.23,2,True,True,0.6,0,4,95
51256537,tecris/ansible-maven,0.5083,1.51,2,True,True,0.5625,0,11,148
90368490,Temelio/ansible-role-maxmind-geoip,0.0727,5.42,3,True,True,0.5833,0,6,587
59742815,Temelio/ansible-role-sftp,0.0592,3.41,3,True,True,0.4444,0,7,397
133630811,Temelio/ansible-role-systemd-notify,0.0441,1.86,2,True,True,0.5161,0,4,390
61397627,tenforwardconsulting/subspace,0.089,6.19,3,True,True,0.4876,0.13,34,3509
61697823,thingsym/vap,0.0074,8.52,1,True,True,0.7895,0,24,5071
28326730,thingsym/vaw,0.0066,9.46,1,True,True,0.7044,0,41,5907
30940531,threatstack/threatstack-ansible,0.0218,2.01,5,True,True,0.7391,0.03,25,449
137417148,timorunge/ansible-custom-nginx,0.0701,2.47,2,True,True,0.6154,0,6,916
125430783,timorunge/ansible-pmm-client,0.1641,2.17,2,True,True,0.6,0.12,11,596
143024767,timorunge/ansible-sssd,0.0709,2.1,1,True,True,0.5517,0.38,13,2202
271492681,titom73/ansible-avd-cloudvision-demo,0.0453,9.82,1,False,True,0.3898,0,2,9614
162534209,TituxMetal/cffa,0.1235,1.79,2,False,False,0,0,3,71
232393357,tobias-richter/ansible-tasmota,0.1621,2.56,3,True,True,0.4,0,3,212
193830474,toolisticon/docker-build-images,0.0402,2.33,1,True,True,0.5,0.13,5,525
40200253,torian/ansible-role-supervisor,0.1701,0.41,2,True,False,0.75,0,5,200
218640028,Townk/ansible-beautiful-output,0.5696,1.09,2,True,True,0.2727,0,3,609
58842707,trailofbits/algo,0.042,19.7,3,False,True,0.568,7.45,2,6508
145854264,transferwise/ansible-thanos,0.0108,5.1,2,False,True,0.8571,0,21,550
117808870,traveloka/ansible-asg-rolling-deployment,0,2.68,3,False,False,0.75,0.5,28,367
112822973,trombik/ansible-role-dovecot,0.0436,1.17,2,True,True,0.4674,0,6,1821
231076758,trombik/ansible-role-netplan,0.0675,0,1,True,True,0.5,0,2,981
111401671,trombik/ansible-role-opensmtpd,0.054,2.97,2,True,True,0.5,0.03,14,2749
86461094,trombik/ansible-role-squid,0.0932,0.71,3,True,True,0.4366,0,5,915
120710118,trombik/ansible-vm-packer-build,0.0536,3.23,3,True,True,0.0317,0,6,2933
73437095,trombik/qansible,0.0477,3.2,3,True,True,0.1667,0.29,36,4073
100571769,Tronde/ansible-role-rhel-patchmanagement,0.0443,1.45,1,True,True,0.4118,0.1,10,691
90275431,tulibraries/ansible-rails_app,0.0167,1.79,3,True,False,0.7333,0.33,12,940
178251144,tulibraries/ansible-role-airflow,0.116,4.14,5,True,True,0.6444,0.6,21,1478
176350542,tulibraries/ansible-role-shibboleth-sp,0.2403,0.75,2,True,False,0.4167,0.58,4,452
96200032,UKCloud/openshift-deployment-ansible,0.1026,7.41,4,False,False,0.8469,0,30,2537
62371062,UnderGreen/ansible-prometheus-exporters-common,0.0577,0.29,3,True,True,0.625,0,4,98
62371591,UnderGreen/ansible-prometheus-node-exporter,0.0543,1.5,4,True,True,0.7143,0.04,7,174
30925564,UnderGreen/ansible-role-mongodb,0.079,6.15,10,True,True,0.62,0.61,39,1738
96306635,UtrechtUniversity/yoda-ansible,0.0536,41.27,2,False,True,0.4966,0.05,20,10765
77779718,vaizard/mage-matrix-stack,0.1142,0.5,1,False,False,0.7317,0,3,1311
151536298,valet-sh/valet-sh,0.3296,16.8,2,False,True,0.9739,0.16,53,7480
167413753,Venafi/ansible-role-venafi,0.098,12.77,2,False,True,0.3889,0.27,9,1288
131585514,victorock/ansible-role-tower-config,0.0139,4,2,True,False,0.8824,0.79,2,1138
193705809,vitabaks/ansible-role-pgcenter,0.06,1.29,2,False,True,0.7143,0,2,94
190206784,vitabaks/postgresql_cluster,0.0833,20.41,2,False,True,0.8532,1.18,3,5427
18005944,vitalk/ansible-secure-ssh,0.027,0.51,2,False,False,0.7143,0,5,108
184446122,VladimirBerezkin/laravel-homestead-vagrant-ansible,0.4351,3,1,False,False,0.1532,0,2,1257
92447023,vmware-archive/column,0.1751,8.06,3,True,True,0.0857,1.09,29,1460
15652878,volanja/ansible_spec,0.0648,3.54,5,True,True,0.3422,0,36,4735
109935566,VSChina/vscode-ansible,0.0004,8.5,2,True,True,0.0455,3.92,12,192185
85245901,wazuh/wazuh-ansible,0.033,32.57,8,False,True,0.8723,2.16,24,5357
96755807,wcm-io-devops/ansible-aem-cms,0.1302,2.77,3,True,True,0.7692,0,5,421
96759001,wcm-io-devops/ansible-aem-dispatcher,0.1199,1.77,3,True,True,0.76,0,6,323
116988120,wcm-io-devops/ansible-conga-aem-dispatcher-smoke-test,0.0977,1.65,2,True,True,0.5238,0,7,471
96761131,wcm-io-devops/ansible-conga-aem-packages,0.1239,1.88,3,True,True,0.5385,0,7,191
116987987,wcm-io-devops/ansible-conga-aem-smoke-test,0.0904,0.85,2,True,True,0.625,0,4,161
143967403,wcm-io-devops/ansible-conga-ansible-controlhost,0.1326,2.41,2,True,True,0.7857,0.3,12,445
96760184,wcm-io-devops/ansible-conga-facts,0.0933,1.52,3,True,True,0.3125,0,4,447
156863592,wcm-io-devops/ansible-jenkins-configuration-as-code,0.1973,2.5,3,True,True,0.5556,0,18,297
134746840,wcm-io-devops/ansible-jenkins-pipeline-library,0.0945,3.55,2,True,True,0.4545,0,18,364
129082000,WesleyCharlesBlake/devops-tools,0.1343,0.82,1,False,False,0.3333,0,2,58
66167091,wied03/ansible-ruby,0.0487,11.34,2,True,True,0.0061,0.24,31,8738
121174236,wikitops/ansible_docker,0.5846,1.07,1,False,False,0.6111,0,8,253
28204193,willshersystems/ansible-sshd,0.0479,4.35,6,True,True,0.8095,0.1,36,1351
221674140,world-direct/k8s-setup,0.0744,18.58,2,False,False,0.6742,5.33,3,14786
130664395,wso2/ansible-apim,0.3147,6.62,4,False,True,0.6818,0.9,9,1751
143966474,wso2/ansible-ei,0.3924,2.47,3,False,True,0.8507,0.78,4,765
143966393,wso2/ansible-is,0.3116,2.8,3,False,True,0.3448,0.48,8,422
132911905,wtnb75/selenible,0.1491,1.57,1,False,True,0.2881,0,4,2739
122066350,xebialabs-community/xlr-ansible-tower-plugin,0.1013,1.93,5,True,True,0.0455,0.28,8,1614
184282432,Xilonz/trellis-nixstats,0.0181,0.7,1,False,True,0.75,0,2,163
213608689,xoxys/ansible-doctor,0.0855,11.77,1,False,True,0.3091,0.08,4,1796
162205933,xoxys/ansible-later,0.0644,10.59,2,False,True,0.1129,0.05,16,3078
52670312,Yannik/ansible-role-relaymail,0.3032,0.84,2,True,True,0.5,0,2,239
23188212,yatesr/ansible-timezone,0.0263,0.16,3,True,False,0.8,0,3,259
102062478,you21979/ansible-electrumx,0.0029,4.46,1,True,False,0.9062,0,5,1047
101551487,zaxos/tomcat-ansible-role,0.0367,1.42,3,True,True,0.8056,0.15,11,551
109606113,ZoeyCluff/ansible-role-betterpress,0.1115,9.85,2,True,True,0.7353,0,5,534
